# SOURMASH-MANIFEST-VERSION: 1.0
internal_location,md5,md5short,ksize,moltype,num,scaled,n_hashes,with_abundance,name,filename
signatures/646b786287b4262954bcbcc80023004f.sig.gz,646b786287b4262954bcbcc80023004f,646b7862,21,DNA,0,1000,23799,0,s__Sodaliphilus sp004557565,outputs.mapping/cds/s__Sodaliphilus sp004557565.cds.fa.gz
signatures/052e1a6df3a31b2bbd310dde3d4fdbba.sig.gz,052e1a6df3a31b2bbd310dde3d4fdbba,052e1a6d,31,DNA,0,1000,30338,0,s__Sodaliphilus sp004557565,outputs.mapping/cds/s__Sodaliphilus sp004557565.cds.fa.gz
signatures/cadadc11384592c3f4e57b3cb13d6481.sig.gz,cadadc11384592c3f4e57b3cb13d6481,cadadc11,51,DNA,0,1000,43188,0,s__Sodaliphilus sp004557565,outputs.mapping/cds/s__Sodaliphilus sp004557565.cds.fa.gz
