# SOURMASH-MANIFEST-VERSION: 1.0
internal_location,md5,md5short,ksize,moltype,num,scaled,n_hashes,with_abundance,name,filename
signatures/01a2402b308ed50114877f15209fab12.sig.gz,01a2402b308ed50114877f15209fab12,01a2402b,21,DNA,0,1000,31471,0,s__Sodaliphilus sp004557565,genomes/s__Sodaliphilus sp004557565.pangenome.fa.gz
signatures/10a3612d74cdf8cd4c43c7d82b967b7c.sig.gz,10a3612d74cdf8cd4c43c7d82b967b7c,10a3612d,31,DNA,0,1000,41435,0,s__Sodaliphilus sp004557565,genomes/s__Sodaliphilus sp004557565.pangenome.fa.gz
signatures/c81eefc477abc33d0115d3c4c11a9ee3.sig.gz,c81eefc477abc33d0115d3c4c11a9ee3,c81eefc4,51,DNA,0,1000,61109,0,s__Sodaliphilus sp004557565,genomes/s__Sodaliphilus sp004557565.pangenome.fa.gz
