# SOURMASH-MANIFEST-VERSION: 1.0
internal_location,md5,md5short,ksize,moltype,num,scaled,n_hashes,with_abundance,name,filename
signatures/d2157185709076326b6b2c4c73d93595.sig.gz,d2157185709076326b6b2c4c73d93595,d2157185,21,DNA,0,1000,26259,0,s__Prevotella sp002251295,genomes/s__Prevotella sp002251295.pangenome.fa.gz
signatures/6c4498e33caf7855d0fd6c34e80607b0.sig.gz,6c4498e33caf7855d0fd6c34e80607b0,6c4498e3,31,DNA,0,1000,29758,0,s__Prevotella sp002251295,genomes/s__Prevotella sp002251295.pangenome.fa.gz
signatures/04ee9dd9854628f0d3747d3fcf57e46d.sig.gz,04ee9dd9854628f0d3747d3fcf57e46d,04ee9dd9,51,DNA,0,1000,34989,0,s__Prevotella sp002251295,genomes/s__Prevotella sp002251295.pangenome.fa.gz
