# SOURMASH-MANIFEST-VERSION: 1.0
internal_location,md5,md5short,ksize,moltype,num,scaled,n_hashes,with_abundance,name,filename
signatures/06e1d07b0ba26bb971e0c5f54670240a.sig.gz,06e1d07b0ba26bb971e0c5f54670240a,06e1d07b,21,DNA,0,1000,12085,0,s__Holdemanella porci,genomes/s__Holdemanella porci.pangenome.fa.gz
signatures/ab17904c9f6f07428d9d2dfc7906de0f.sig.gz,ab17904c9f6f07428d9d2dfc7906de0f,ab17904c,31,DNA,0,1000,13462,0,s__Holdemanella porci,genomes/s__Holdemanella porci.pangenome.fa.gz
signatures/01650bc7fcd305e190f2481639a4b097.sig.gz,01650bc7fcd305e190f2481639a4b097,01650bc7,51,DNA,0,1000,15663,0,s__Holdemanella porci,genomes/s__Holdemanella porci.pangenome.fa.gz
