# SOURMASH-MANIFEST-VERSION: 1.0
internal_location,md5,md5short,ksize,moltype,num,scaled,n_hashes,with_abundance,name,filename
signatures/e7cb81c26309727754c0ce074e98ed88.sig.gz,e7cb81c26309727754c0ce074e98ed88,e7cb81c2,21,DNA,0,1000,20293,0,s__Prevotella sp002251295,outputs.mapping/cds/s__Prevotella sp002251295.cds.fa.gz
signatures/edb22c24825c75a2c58888b39acdf460.sig.gz,edb22c24825c75a2c58888b39acdf460,edb22c24,31,DNA,0,1000,22576,0,s__Prevotella sp002251295,outputs.mapping/cds/s__Prevotella sp002251295.cds.fa.gz
signatures/31d14bf2b7b5ffcabfaa9d856d095897.sig.gz,31d14bf2b7b5ffcabfaa9d856d095897,31d14bf2,51,DNA,0,1000,25684,0,s__Prevotella sp002251295,outputs.mapping/cds/s__Prevotella sp002251295.cds.fa.gz
