# SOURMASH-MANIFEST-VERSION: 1.0
internal_location,md5,md5short,ksize,moltype,num,scaled,n_hashes,with_abundance,name,filename
signatures/73127e72e73f776ffd86b215cd5d3619.sig.gz,73127e72e73f776ffd86b215cd5d3619,73127e72,21,DNA,0,1000,7329,0,s__Fimisoma sp002320005,genomes/s__Fimisoma sp002320005.pangenome.fa.gz
signatures/9914bb3e738344ca06401fc68fd6e3b2.sig.gz,9914bb3e738344ca06401fc68fd6e3b2,9914bb3e,31,DNA,0,1000,7813,0,s__Fimisoma sp002320005,genomes/s__Fimisoma sp002320005.pangenome.fa.gz
signatures/3287ba9db9ec4d68edfbcef58cc63c95.sig.gz,3287ba9db9ec4d68edfbcef58cc63c95,3287ba9d,51,DNA,0,1000,8611,0,s__Fimisoma sp002320005,genomes/s__Fimisoma sp002320005.pangenome.fa.gz
