intersect_bp,f_orig_query,f_match,f_unique_to_query,f_unique_weighted,average_abund,median_abund,std_abund,filename,name,md5,f_match_orig,unique_intersect_bp,gather_result_rank,remaining_bp,query_filename,query_name,query_md5,query_bp,ksize,moltype,scaled,query_n_hashes,query_abundance,query_containment_ani,match_containment_ani,average_containment_ani,max_containment_ani,potential_false_negative,n_unique_weighted_found,sum_weighted_found,total_weighted_hashes,lineage
190000,0.03625954198473282,0.08636363636363636,0.03625954198473282,0.09036144578313253,7.105263157894737,1.0,15.850933018668867,/group/ctbrowngrp5/sourmash-db.new/gtdb-rs226/gtdb-rs226-k51.dna.rocksdb,GCA_002320005.1 Firmicutes bacterium UBA1702,7e08ba56ee426e63c2029467361ad169,0.08636363636363636,190000,0,5050000,outputs.mapping/bams.cds.rand/ERR3211949.x.s__Fimisoma sp002320005.fastq.gz,ERR3211949.x.s__Fimisoma sp002320005,adfd3071,5240000,51,DNA,10000,524,True,0.9370297479949967,0.9531115743256933,0.945070661160345,0.9531115743256933,False,135,135,1494,d__Bacteria;p__Bacillota;c__Clostridia;o__Peptostreptococcales;f__Anaerovoracaceae;g__Fimisoma;s__Fimisoma sp002320005
80000,0.015267175572519083,0.021505376344086023,0.015267175572519083,0.03480589022757698,6.5,5.0,6.103277807866851,/group/ctbrowngrp5/sourmash-db.new/gtdb-rs226/gtdb-rs226-k51.dna.rocksdb,GCA_004556565.1 Lachnospiraceae bacterium,edb00f169e376430fe98e2e4c3b24f96,0.021505376344086023,80000,1,4970000,outputs.mapping/bams.cds.rand/ERR3211949.x.s__Fimisoma sp002320005.fastq.gz,ERR3211949.x.s__Fimisoma sp002320005,adfd3071,5240000,51,DNA,10000,524,True,0.9212710529122983,0.9274806208525901,0.9243758368824442,0.9274806208525901,False,52,187,1494,d__Bacteria;p__Bacillota;c__Clostridia;o__Lachnospirales;f__Lachnospiraceae;g__Schaedlerella;s__Schaedlerella sp004556565
80000,0.015267175572519083,0.0243161094224924,0.015267175572519083,0.05488621151271754,10.25,3.0,15.666445033893298,/group/ctbrowngrp5/sourmash-db.new/gtdb-rs226/gtdb-rs226-k51.dna.rocksdb,GCA_003482245.1 Clostridium sp. OF09-10,4193de4984ef889df60e8b6c3d665c60,0.0243161094224924,80000,2,4890000,outputs.mapping/bams.cds.rand/ERR3211949.x.s__Fimisoma sp002320005.fastq.gz,ERR3211949.x.s__Fimisoma sp002320005,adfd3071,5240000,51,DNA,10000,524,True,0.9212710529122983,0.9297171976485051,0.9254941252804016,0.9297171976485051,False,82,269,1494,d__Bacteria;p__Bacillota;c__Clostridia;o__Lachnospirales;f__Lachnospiraceae;g__Pilosibacter;s__Pilosibacter sp900066785
70000,0.013358778625954198,0.020761245674740483,0.011450381679389313,0.022757697456492636,5.666666666666667,3.0,5.405758246742285,/group/ctbrowngrp5/sourmash-db.new/gtdb-rs226/gtdb-rs226-k51.dna.rocksdb,GCF_012843825.1 Dorea formicigenerans,071f2629301e97499cd33e1b6b44012d,0.02422145328719723,60000,3,4830000,outputs.mapping/bams.cds.rand/ERR3211949.x.s__Fimisoma sp002320005.fastq.gz,ERR3211949.x.s__Fimisoma sp002320005,adfd3071,5240000,51,DNA,10000,524,True,0.9188620784096618,0.9296460983309773,0.9242540883703196,0.9296460983309773,False,34,303,1494,d__Bacteria;p__Bacillota;c__Clostridia;o__Lachnospirales;f__Lachnospiraceae;g__Dorea;s__Dorea formicigenerans
50000,0.009541984732824428,0.017123287671232876,0.009541984732824428,0.010040160642570281,3.0,2.0,2.0976176963403033,/group/ctbrowngrp5/sourmash-db.new/gtdb-rs226/gtdb-rs226-k51.dna.rocksdb,GCA_945963325.1 uncultured Clostridium sp.,c72e40e1317e7f0af39a23d82804a2a6,0.017123287671232876,50000,4,4780000,outputs.mapping/bams.cds.rand/ERR3211949.x.s__Fimisoma sp002320005.fastq.gz,ERR3211949.x.s__Fimisoma sp002320005,adfd3071,5240000,51,DNA,10000,524,True,0.912819844313394,0.9233459613984814,0.9180829028559376,0.9233459613984814,True,15,318,1494,d__Bacteria;p__Bacillota;c__Clostridia;o__Lachnospirales;f__Lachnospiraceae;g__Suilimivivens;s__Suilimivivens sp017622575
50000,0.009541984732824428,0.011299435028248588,0.007633587786259542,0.024096385542168676,9.0,2.0,12.708265027138834,/group/ctbrowngrp5/sourmash-db.new/gtdb-rs226/gtdb-rs226-k51.dna.rocksdb,GCA_021640625.1 Bacteroidales bacterium,73de56fbc82ef6758ec03b140ead1db6,0.014124293785310734,40000,5,4740000,outputs.mapping/bams.cds.rand/ERR3211949.x.s__Fimisoma sp002320005.fastq.gz,ERR3211949.x.s__Fimisoma sp002320005,adfd3071,5240000,51,DNA,10000,524,True,0.912819844313394,0.9198665745933077,0.9163432094533508,0.9198665745933077,True,36,354,1494,d__Bacteria;p__Bacteroidota;c__Bacteroidia;o__Bacteroidales;f__UBA932;g__Cryptobacteroides;s__Cryptobacteroides sp000432515
50000,0.009541984732824428,0.024539877300613498,0.007633587786259542,0.004016064257028112,1.5,1.0,0.8660254037844386,/group/ctbrowngrp5/sourmash-db.new/gtdb-rs226/gtdb-rs226-k51.dna.rocksdb,GCA_018384955.1 Oscillospiraceae bacterium,76b946851a6b3ac211a8510150705b03,0.03067484662576687,40000,6,4700000,outputs.mapping/bams.cds.rand/ERR3211949.x.s__Fimisoma sp002320005.fastq.gz,ERR3211949.x.s__Fimisoma sp002320005,adfd3071,5240000,51,DNA,10000,524,True,0.912819844313394,0.9339616992775273,0.9233907717954606,0.9339616992775273,True,6,360,1494,d__Bacteria;p__Bacillota;c__Clostridia;o__Oscillospirales;f__Acutalibacteraceae;g__Fimenecus;s__Fimenecus sp004556705
50000,0.009541984732824428,0.017777777777777778,0.007633587786259542,0.06693440428380187,25.0,3.5,38.73628789649313,/group/ctbrowngrp5/sourmash-db.new/gtdb-rs226/gtdb-rs226-k51.dna.rocksdb,GCA_004557745.1 Phascolarctobacterium sp.,bd60db0343f75cedcf2f5b5458e684ec,0.022222222222222223,40000,7,4660000,outputs.mapping/bams.cds.rand/ERR3211949.x.s__Fimisoma sp002320005.fastq.gz,ERR3211949.x.s__Fimisoma sp002320005,adfd3071,5240000,51,DNA,10000,524,True,0.912819844313394,0.9280771248488988,0.9204484845811465,0.9280771248488988,True,100,460,1494,d__Bacteria;p__Bacillota;c__Negativicutes;o__Acidaminococcales;f__Acidaminococcaceae;g__Phascolarctobacterium_A;s__Phascolarctobacterium_A succinatutens
150000,0.02862595419847328,0.019138755980861243,0.007633587786259542,0.006693440428380187,2.5,2.5,1.118033988749895,/group/ctbrowngrp5/sourmash-db.new/gtdb-rs226/gtdb-rs226-k51.dna.rocksdb,GCA_945936195.1 uncultured Firmicutes bacterium,709cb201460207a15a23fa15a6fcb8c5,0.07177033492822966,40000,8,4620000,outputs.mapping/bams.cds.rand/ERR3211949.x.s__Fimisoma sp002320005.fastq.gz,ERR3211949.x.s__Fimisoma sp002320005,adfd3071,5240000,51,DNA,10000,524,True,0.9326965956968685,0.9496586939674149,0.9411776448321416,0.9496586939674149,False,10,470,1494,d__Bacteria;p__Bacillota;c__Clostridia;o__Peptostreptococcales;f__Anaerovoracaceae;g__Fimisoma;s__Fimisoma sp002320005
40000,0.007633587786259542,0.005338078291814947,0.0057251908396946565,0.03547523427041499,17.666666666666668,18.0,2.0548046676563256,/group/ctbrowngrp5/sourmash-db.new/gtdb-rs226/gtdb-rs226-k51.dna.rocksdb,GCF_023654005.1 Bacteroides fragilis,29b84b5bdc188bbb4cceb1f4578b3052,0.0071174377224199285,30000,9,4590000,outputs.mapping/bams.cds.rand/ERR3211949.x.s__Fimisoma sp002320005.fastq.gz,ERR3211949.x.s__Fimisoma sp002320005,adfd3071,5240000,51,DNA,10000,524,True,0.908834650149845,0.9075879048179513,0.9082112774838982,0.908834650149845,True,53,523,1494,d__Bacteria;p__Bacteroidota;c__Bacteroidia;o__Bacteroidales;f__Bacteroidaceae;g__Bacteroides;s__Bacteroides hominis
40000,0.007633587786259542,0.003870967741935484,0.0057251908396946565,0.010040160642570281,5.0,4.0,2.160246899469287,/group/ctbrowngrp5/sourmash-db.new/gtdb-rs226/gtdb-rs226-k51.dna.rocksdb,GCF_021410745.1 Bacteroides ovatus,5759b3e2a53b916482448494c0784ccf,0.005161290322580645,30000,10,4560000,outputs.mapping/bams.cds.rand/ERR3211949.x.s__Fimisoma sp002320005.fastq.gz,ERR3211949.x.s__Fimisoma sp002320005,adfd3071,5240000,51,DNA,10000,524,True,0.908834650149845,0.9018869924339906,0.9053608212919178,0.908834650149845,True,15,538,1494,d__Bacteria;p__Bacteroidota;c__Bacteroidia;o__Bacteroidales;f__Bacteroidaceae;g__Bacteroides;s__Bacteroides ovatus
30000,0.0057251908396946565,0.009009009009009009,0.0057251908396946565,0.004685408299866131,2.3333333333333335,1.0,1.8856180831641267,/group/ctbrowngrp5/sourmash-db.new/gtdb-rs226/gtdb-rs226-k51.dna.rocksdb,GCF_003438365.1 Agathobacter rectalis,20959ba5994a0c2811d5b5527026f9c5,0.009009009009009009,30000,11,4530000,outputs.mapping/bams.cds.rand/ERR3211949.x.s__Fimisoma sp002320005.fastq.gz,ERR3211949.x.s__Fimisoma sp002320005,adfd3071,5240000,51,DNA,10000,524,True,0.9037225048933111,0.9117916860315043,0.9077570954624077,0.9117916860315043,True,7,545,1494,d__Bacteria;p__Bacillota;c__Clostridia;o__Lachnospirales;f__Lachnospiraceae;g__Agathobacter;s__Agathobacter rectalis
60000,0.011450381679389313,0.006535947712418301,0.0057251908396946565,0.009370816599732263,4.666666666666667,5.0,2.0548046676563256,/group/ctbrowngrp5/sourmash-db.new/gtdb-rs226/gtdb-rs226-k51.dna.rocksdb,GCF_015554425.1 Flavonifractor plautii,21e85046aec80b7a1582199bb18108b3,0.013071895424836602,30000,12,4500000,outputs.mapping/bams.cds.rand/ERR3211949.x.s__Fimisoma sp002320005.fastq.gz,ERR3211949.x.s__Fimisoma sp002320005,adfd3071,5240000,51,DNA,10000,524,True,0.9160889535696389,0.918471028982988,0.9172799912763134,0.918471028982988,True,14,559,1494,d__Bacteria;p__Bacillota;c__Clostridia;o__Oscillospirales;f__Oscillospiraceae;g__Flavonifractor;s__Flavonifractor plautii
70000,0.013358778625954198,0.007444168734491315,0.0057251908396946565,0.004016064257028112,2.0,2.0,0.816496580927726,/group/ctbrowngrp5/sourmash-db.new/gtdb-rs226/gtdb-rs226-k51.dna.rocksdb,GCA_022782205.1 Lachnospiraceae bacterium,5d1fe08c84b2c770dab5488addf16ba5,0.017369727047146403,30000,13,4470000,outputs.mapping/bams.cds.rand/ERR3211949.x.s__Fimisoma sp002320005.fastq.gz,ERR3211949.x.s__Fimisoma sp002320005,adfd3071,5240000,51,DNA,10000,524,True,0.9188620784096618,0.9236047060926478,0.9212333922511549,0.9236047060926478,False,6,565,1494,d__Bacteria;p__Bacillota;c__Clostridia;o__Lachnospirales;f__Lachnospiraceae;g__Oliverpabstia;s__Oliverpabstia sp004556655
30000,0.0057251908396946565,0.009584664536741214,0.0057251908396946565,0.1111111111111111,55.333333333333336,2.0,76.13292469242346,/group/ctbrowngrp5/sourmash-db.new/gtdb-rs226/gtdb-rs226-k51.dna.rocksdb,GCA_945879175.1 uncultured Clostridia bacterium,27f26eb75aa75f7c42779cfbdfe51f7a,0.009584664536741214,30000,14,4440000,outputs.mapping/bams.cds.rand/ERR3211949.x.s__Fimisoma sp002320005.fastq.gz,ERR3211949.x.s__Fimisoma sp002320005,adfd3071,5240000,51,DNA,10000,524,True,0.9037225048933111,0.9128997261675265,0.9083111155304188,0.9128997261675265,True,166,731,1494,d__Bacteria;p__Bacillota;c__Clostridia;o__UMGS1840;f__HGM11507;g__HGM11507;s__HGM11507 sp900761005
20000,0.003816793893129771,0.015151515151515152,0.003816793893129771,0.012048192771084338,9.0,9.0,1.0,/group/ctbrowngrp5/sourmash-db.new/gtdb-rs226/gtdb-rs226-k51.dna.rocksdb,GCA_900758085.1 Eggerthellaceae bacterium,413174bcc691d8f4db87ebe090f797e3,0.015151515151515152,20000,15,4420000,outputs.mapping/bams.cds.rand/ERR3211949.x.s__Fimisoma sp002320005.fastq.gz,ERR3211949.x.s__Fimisoma sp002320005,adfd3071,5240000,51,DNA,10000,524,True,0.8965661286132058,0.9211336926184823,0.9088499106158441,0.9211336926184823,True,18,749,1494,d__Bacteria;p__Actinomycetota;c__Coriobacteriia;o__Coriobacteriales;f__Eggerthellaceae;g__Anaerotardibacter;s__Anaerotardibacter sp900546175
70000,0.013358778625954198,0.005012531328320802,0.003816793893129771,0.002008032128514056,1.5,1.5,0.5,/group/ctbrowngrp5/sourmash-db.new/gtdb-rs226/gtdb-rs226-k51.dna.rocksdb,GCF_028596655.1 Clostridioides difficile,0b7dbb5a129f218bd25402ebb2da55dd,0.017543859649122806,20000,16,4400000,outputs.mapping/bams.cds.rand/ERR3211949.x.s__Fimisoma sp002320005.fastq.gz,ERR3211949.x.s__Fimisoma sp002320005,adfd3071,5240000,51,DNA,10000,524,True,0.9188620784096618,0.9237853726019886,0.9213237255058252,0.9237853726019886,False,3,752,1494,d__Bacteria;p__Bacillota;c__Clostridia;o__Peptostreptococcales;f__Peptostreptococcaceae;g__Clostridioides;s__Clostridioides difficile
20000,0.003816793893129771,0.008583690987124463,0.003816793893129771,0.0013386880856760374,1.0,1.0,0.0,/group/ctbrowngrp5/sourmash-db.new/gtdb-rs226/gtdb-rs226-k51.dna.rocksdb,GCA_002471945.1 Lachnospiraceae bacterium UBA7294,4f89c9812d6a55fd2f43fd9fed9d4c14,0.008583690987124463,20000,17,4380000,outputs.mapping/bams.cds.rand/ERR3211949.x.s__Fimisoma sp002320005.fastq.gz,ERR3211949.x.s__Fimisoma sp002320005,adfd3071,5240000,51,DNA,10000,524,True,0.8965661286132058,0.9109274836213538,0.9037468061172798,0.9109274836213538,True,2,754,1494,d__Bacteria;p__Bacillota;c__Clostridia;o__Lachnospirales;f__Lachnospiraceae;g__Agathobacter;s__Agathobacter faecis
130000,0.02480916030534351,0.010256410256410256,0.003816793893129771,0.0013386880856760374,1.0,1.0,0.0,/group/ctbrowngrp5/sourmash-db.new/gtdb-rs226/gtdb-rs226-k51.dna.rocksdb,GCA_938029315.1 uncultured Firmicutes bacterium,9aedb89ba42301e3934abbfbbf961424,0.06666666666666667,20000,18,4360000,outputs.mapping/bams.cds.rand/ERR3211949.x.s__Fimisoma sp002320005.fastq.gz,ERR3211949.x.s__Fimisoma sp002320005,adfd3071,5240000,51,DNA,10000,524,True,0.9300832115102247,0.9482861051753365,0.9391846583427805,0.9482861051753365,False,2,756,1494,d__Bacteria;p__Bacillota;c__Clostridia;o__Peptostreptococcales;f__Anaerovoracaceae;g__Fimisoma;s__Fimisoma sp002320005
20000,0.003816793893129771,0.010810810810810811,0.003816793893129771,0.002008032128514056,1.5,1.5,0.5,/group/ctbrowngrp5/sourmash-db.new/gtdb-rs226/gtdb-rs226-k51.dna.rocksdb,GCA_004558595.1 Phascolarctobacterium sp.,82f5ae137c37969242b7840b4f05f8d0,0.010810810810810811,20000,19,4340000,outputs.mapping/bams.cds.rand/ERR3211949.x.s__Fimisoma sp002320005.fastq.gz,ERR3211949.x.s__Fimisoma sp002320005,adfd3071,5240000,51,DNA,10000,524,True,0.8965661286132058,0.9150571131134657,0.9058116208633358,0.9150571131134657,True,3,759,1494,d__Bacteria;p__Bacillota;c__Negativicutes;o__Acidaminococcales;f__Acidaminococcaceae;g__Phascolarctobacterium_A;s__Phascolarctobacterium_A sp004558595
20000,0.003816793893129771,0.008097165991902834,0.003816793893129771,0.004016064257028112,3.0,3.0,1.0,/group/ctbrowngrp5/sourmash-db.new/gtdb-rs226/gtdb-rs226-k51.dna.rocksdb,GCA_958403165.1 uncultured Lachnospira sp.,afe7cc196ac16580e1120946e4c3398a,0.008097165991902834,20000,20,4320000,outputs.mapping/bams.cds.rand/ERR3211949.x.s__Fimisoma sp002320005.fastq.gz,ERR3211949.x.s__Fimisoma sp002320005,adfd3071,5240000,51,DNA,10000,524,True,0.8965661286132058,0.9098858734755169,0.9032260010443613,0.9098858734755169,True,6,765,1494,d__Bacteria;p__Bacillota;c__Clostridia;o__Lachnospirales;f__Lachnospiraceae;g__Lachnospira;s__Lachnospira sp003537285
120000,0.022900763358778626,0.009216589861751152,0.003816793893129771,0.002677376171352075,2.0,2.0,1.0,/group/ctbrowngrp5/sourmash-db.new/gtdb-rs226/gtdb-rs226-k51.dna.rocksdb,GCA_945917585.1 uncultured Firmicutes bacterium,b70fcd2c576dbcd8467b57ad6ab73a3d,0.055299539170506916,20000,21,4300000,outputs.mapping/bams.cds.rand/ERR3211949.x.s__Fimisoma sp002320005.fastq.gz,ERR3211949.x.s__Fimisoma sp002320005,adfd3071,5240000,51,DNA,10000,524,True,0.9286246234969991,0.9448165251651324,0.9367205743310658,0.9448165251651324,False,4,769,1494,d__Bacteria;p__Bacillota;c__Clostridia;o__Peptostreptococcales;f__Anaerovoracaceae;g__Fimisoma;s__Fimisoma sp002320005
20000,0.003816793893129771,0.01904761904761905,0.003816793893129771,0.01740294511378849,13.0,13.0,12.0,/group/ctbrowngrp5/sourmash-db.new/gtdb-rs226/gtdb-rs226-k51.dna.rocksdb,GCA_004561445.1 bacterium,43e6a68934484b0b1d4221bb931d12f8,0.01904761904761905,20000,22,4280000,outputs.mapping/bams.cds.rand/ERR3211949.x.s__Fimisoma sp002320005.fastq.gz,ERR3211949.x.s__Fimisoma sp002320005,adfd3071,5240000,51,DNA,10000,524,True,0.8965661286132058,0.9252761890078747,0.9109211588105403,0.9252761890078747,True,26,795,1494,d__Bacteria;p__Patescibacteriota;c__Saccharimonadia;o__Saccharimonadales;f__Nanosyncoccaceae;g__UBA2834;s__UBA2834 sp004561445
30000,0.0057251908396946565,0.005420054200542005,0.003816793893129771,0.002677376171352075,2.0,2.0,1.0,/group/ctbrowngrp5/sourmash-db.new/gtdb-rs226/gtdb-rs226-k51.dna.rocksdb,GCF_036938095.1 Segatella copri,f27d5342bbd473b0bb9eb87e5bb53f4b,0.008130081300813009,20000,23,4260000,outputs.mapping/bams.cds.rand/ERR3211949.x.s__Fimisoma sp002320005.fastq.gz,ERR3211949.x.s__Fimisoma sp002320005,adfd3071,5240000,51,DNA,10000,524,True,0.9037225048933111,0.9099582533276309,0.906840379110471,0.9099582533276309,True,4,799,1494,d__Bacteria;p__Bacteroidota;c__Bacteroidia;o__Bacteroidales;f__Bacteroidaceae;g__Prevotella;s__Prevotella copri_K
50000,0.009541984732824428,0.00909090909090909,0.003816793893129771,0.004016064257028112,3.0,3.0,1.0,/group/ctbrowngrp5/sourmash-db.new/gtdb-rs226/gtdb-rs226-k51.dna.rocksdb,GCA_945876375.1 uncultured Clostridia bacterium,a264d8d909b925906c9eae54ea5de49d,0.022727272727272728,20000,24,4240000,outputs.mapping/bams.cds.rand/ERR3211949.x.s__Fimisoma sp002320005.fastq.gz,ERR3211949.x.s__Fimisoma sp002320005,adfd3071,5240000,51,DNA,10000,524,True,0.912819844313394,0.9284861667955484,0.9206530055544713,0.9284861667955484,True,6,805,1494,d__Bacteria;p__Bacillota;c__Clostridia;o__Oscillospirales;f__Acutalibacteraceae;g__Pseudoruminococcus;s__Pseudoruminococcus sp902765855
20000,0.003816793893129771,0.007722007722007722,0.003816793893129771,0.010040160642570281,7.5,7.5,4.5,/group/ctbrowngrp5/sourmash-db.new/gtdb-rs226/gtdb-rs226-k51.dna.rocksdb,GCA_004557705.1 Bacteroidales bacterium,c09c2436c42f9a1ed34d95dd06289b0c,0.007722007722007722,20000,25,4220000,outputs.mapping/bams.cds.rand/ERR3211949.x.s__Fimisoma sp002320005.fastq.gz,ERR3211949.x.s__Fimisoma sp002320005,adfd3071,5240000,51,DNA,10000,524,True,0.8965661286132058,0.9090398996286563,0.9028030141209311,0.9090398996286563,True,15,820,1494,d__Bacteria;p__Bacteroidota;c__Bacteroidia;o__Bacteroidales;f__Bacteroidaceae;g__Prevotella;s__Prevotella pectinovora
40000,0.007633587786259542,0.006153846153846154,0.003816793893129771,0.0013386880856760374,1.0,1.0,0.0,/group/ctbrowngrp5/sourmash-db.new/gtdb-rs226/gtdb-rs226-k51.dna.rocksdb,GCA_900066075.1 uncultured Clostridium sp.,ba6dfcb594b8671a45f3490d593843bc,0.012307692307692308,20000,26,4200000,outputs.mapping/bams.cds.rand/ERR3211949.x.s__Fimisoma sp002320005.fastq.gz,ERR3211949.x.s__Fimisoma sp002320005,adfd3071,5240000,51,DNA,10000,524,True,0.908834650149845,0.9173867916318389,0.913110720890842,0.9173867916318389,True,2,822,1494,d__Bacteria;p__Bacillota;c__Clostridia;o__Lachnospirales;f__Lachnospiraceae;g__Muricoprocola;s__Muricoprocola aceti
20000,0.003816793893129771,0.006825938566552901,0.003816793893129771,0.002008032128514056,1.5,1.5,0.5,/group/ctbrowngrp5/sourmash-db.new/gtdb-rs226/gtdb-rs226-k51.dna.rocksdb,GCA_022744205.1 Prevotella sp.,a697f5903d7962e07cf9e8b0b4031016,0.006825938566552901,20000,27,4180000,outputs.mapping/bams.cds.rand/ERR3211949.x.s__Fimisoma sp002320005.fastq.gz,ERR3211949.x.s__Fimisoma sp002320005,adfd3071,5240000,51,DNA,10000,524,True,0.8965661286132058,0.906844024418685,0.9017050765159453,0.906844024418685,True,3,825,1494,d__Bacteria;p__Bacteroidota;c__Bacteroidia;o__Bacteroidales;f__Bacteroidaceae;g__Prevotella;s__Prevotella sp022741625
20000,0.003816793893129771,0.010256410256410256,0.003816793893129771,0.0013386880856760374,1.0,1.0,0.0,/group/ctbrowngrp5/sourmash-db.new/gtdb-rs226/gtdb-rs226-k51.dna.rocksdb,GCA_004555265.1 Ruminococcus sp.,39a1edd3a654cfc3f5d928a3955457fd,0.010256410256410256,20000,28,4160000,outputs.mapping/bams.cds.rand/ERR3211949.x.s__Fimisoma sp002320005.fastq.gz,ERR3211949.x.s__Fimisoma sp002320005,adfd3071,5240000,51,DNA,10000,524,True,0.8965661286132058,0.9141130509755474,0.9053395897943766,0.9141130509755474,True,2,827,1494,d__Bacteria;p__Bacillota;c__Clostridia;o__Oscillospirales;f__Acutalibacteraceae;g__Fimenecus;s__Fimenecus sp004555265
20000,0.003816793893129771,0.006153846153846154,0.003816793893129771,0.0033467202141900937,2.5,2.5,1.5,/group/ctbrowngrp5/sourmash-db.new/gtdb-rs226/gtdb-rs226-k51.dna.rocksdb,GCA_034086425.1 Oliverpabstia sp.,3e5d4b4fde161cf88ed9a189925e3d4b,0.006153846153846154,20000,29,4140000,outputs.mapping/bams.cds.rand/ERR3211949.x.s__Fimisoma sp002320005.fastq.gz,ERR3211949.x.s__Fimisoma sp002320005,adfd3071,5240000,51,DNA,10000,524,True,0.8965661286132058,0.905002823207321,0.9007844759102634,0.905002823207321,True,5,832,1494,d__Bacteria;p__Bacillota;c__Clostridia;o__Lachnospirales;f__Lachnospiraceae;g__Oliverpabstia;s__Oliverpabstia sp022764165
30000,0.0057251908396946565,0.009433962264150943,0.003816793893129771,0.0107095046854083,8.0,8.0,7.0,/group/ctbrowngrp5/sourmash-db.new/gtdb-rs226/gtdb-rs226-k51.dna.rocksdb,GCF_037423505.1 Phascolarctobacterium succinatutens,3be10f6c66807794aaeace3251045a8a,0.014150943396226415,20000,30,4120000,outputs.mapping/bams.cds.rand/ERR3211949.x.s__Fimisoma sp002320005.fastq.gz,ERR3211949.x.s__Fimisoma sp002320005,adfd3071,5240000,51,DNA,10000,524,True,0.9037225048933111,0.9199005744767625,0.9118115396850368,0.9199005744767625,True,16,848,1494,d__Bacteria;p__Bacillota;c__Negativicutes;o__Acidaminococcales;f__Acidaminococcaceae;g__Phascolarctobacterium_A;s__Phascolarctobacterium_A succinatutens
30000,0.0057251908396946565,0.009389671361502348,0.003816793893129771,0.002008032128514056,1.5,1.5,0.5,/group/ctbrowngrp5/sourmash-db.new/gtdb-rs226/gtdb-rs226-k51.dna.rocksdb,GCA_034088845.1 Oscillospiraceae bacterium,8288a1d693fdfd8c903b951437e06d19,0.014084507042253521,20000,31,4100000,outputs.mapping/bams.cds.rand/ERR3211949.x.s__Fimisoma sp002320005.fastq.gz,ERR3211949.x.s__Fimisoma sp002320005,adfd3071,5240000,51,DNA,10000,524,True,0.9037225048933111,0.9198156969835556,0.9117691009384333,0.9198156969835556,True,3,851,1494,d__Bacteria;p__Bacillota;c__Clostridia;o__Oscillospirales;f__Acutalibacteraceae;g__CAG-177;s__CAG-177 sp003514385
30000,0.0057251908396946565,0.00881057268722467,0.003816793893129771,0.0013386880856760374,1.0,1.0,0.0,/group/ctbrowngrp5/sourmash-db.new/gtdb-rs226/gtdb-rs226-k51.dna.rocksdb,GCA_020860605.1 Ruminococcus sp.,9ce05dbe00e6a46bad4f22c19c640354,0.013215859030837005,20000,32,4080000,outputs.mapping/bams.cds.rand/ERR3211949.x.s__Fimisoma sp002320005.fastq.gz,ERR3211949.x.s__Fimisoma sp002320005,adfd3071,5240000,51,DNA,10000,524,True,0.9037225048933111,0.9186683055431318,0.9111954052182214,0.9186683055431318,True,2,853,1494,d__Bacteria;p__Bacillota;c__Clostridia;o__Oscillospirales;f__Ruminococcaceae;g__Faeciplasma;s__Faeciplasma sp020860605
20000,0.003816793893129771,0.008264462809917356,0.003816793893129771,0.010040160642570281,7.5,7.5,5.5,/group/ctbrowngrp5/sourmash-db.new/gtdb-rs226/gtdb-rs226-k51.dna.rocksdb,GCA_037229645.1 Oscillospiraceae bacterium,1bfcc359f28849384bbf793d7b34eb81,0.008264462809917356,20000,33,4060000,outputs.mapping/bams.cds.rand/ERR3211949.x.s__Fimisoma sp002320005.fastq.gz,ERR3211949.x.s__Fimisoma sp002320005,adfd3071,5240000,51,DNA,10000,524,True,0.8965661286132058,0.9102508039235093,0.9034084662683576,0.9102508039235093,True,15,868,1494,d__Bacteria;p__Bacillota;c__Clostridia;o__Oscillospirales;f__Oscillospiraceae;g__Vescimonas;s__Vescimonas coprocola
20000,0.003816793893129771,0.004166666666666667,0.003816793893129771,0.020749665327978582,15.5,15.5,2.5,/group/ctbrowngrp5/sourmash-db.new/gtdb-rs226/gtdb-rs226-k51.dna.rocksdb,GCF_024242675.1 Salmonella enterica,d9ec559862ce3218358cf36b205a4730,0.004166666666666667,20000,34,4040000,outputs.mapping/bams.cds.rand/ERR3211949.x.s__Fimisoma sp002320005.fastq.gz,ERR3211949.x.s__Fimisoma sp002320005,adfd3071,5240000,51,DNA,10000,524,True,0.8965661286132058,0.8981092953870639,0.8973377120001349,0.8981092953870639,True,31,899,1494,d__Bacteria;p__Pseudomonadota;c__Gammaproteobacteria;o__Enterobacterales;f__Enterobacteriaceae;g__Salmonella;s__Salmonella enterica
50000,0.009541984732824428,0.00980392156862745,0.003816793893129771,0.004016064257028112,3.0,3.0,2.0,/group/ctbrowngrp5/sourmash-db.new/gtdb-rs226/gtdb-rs226-k51.dna.rocksdb,GCA_004562525.1 bacterium,e89df9c0e0c9928c590770ee81e732a4,0.024509803921568627,20000,35,4020000,outputs.mapping/bams.cds.rand/ERR3211949.x.s__Fimisoma sp002320005.fastq.gz,ERR3211949.x.s__Fimisoma sp002320005,adfd3071,5240000,51,DNA,10000,524,True,0.912819844313394,0.9298618460556182,0.9213408451845061,0.9298618460556182,True,6,905,1494,d__Bacteria;p__Bacteroidota;c__Bacteroidia;o__Bacteroidales;f__Bacteroidaceae;g__Prevotella;s__Prevotella sp900546535
40000,0.007633587786259542,0.007246376811594203,0.003816793893129771,0.006693440428380187,5.0,5.0,4.0,/group/ctbrowngrp5/sourmash-db.new/gtdb-rs226/gtdb-rs226-k51.dna.rocksdb,GCF_018918345.1 Butyricicoccus intestinisimiae,3a5a36cd3b4e4bfe823fcb460150a8eb,0.014492753623188406,20000,36,4000000,outputs.mapping/bams.cds.rand/ERR3211949.x.s__Fimisoma sp002320005.fastq.gz,ERR3211949.x.s__Fimisoma sp002320005,adfd3071,5240000,51,DNA,10000,524,True,0.908834650149845,0.9203311793431016,0.9145829147464732,0.9203311793431016,True,10,915,1494,d__Bacteria;p__Bacillota;c__Clostridia;o__Oscillospirales;f__Butyricicoccaceae;g__Butyricicoccus_A;s__Butyricicoccus_A intestinisimiae
10000,0.0019083969465648854,0.00510204081632653,0.0019083969465648854,0.0013386880856760374,2.0,2.0,0.0,/group/ctbrowngrp5/sourmash-db.new/gtdb-rs226/gtdb-rs226-k51.dna.rocksdb,GCA_041333455.1 Lactobacillus acidophilus,1a3d93e47996eb5d157c2cb5564aa78d,0.00510204081632653,10000,37,3990000,outputs.mapping/bams.cds.rand/ERR3211949.x.s__Fimisoma sp002320005.fastq.gz,ERR3211949.x.s__Fimisoma sp002320005,adfd3071,5240000,51,DNA,10000,524,True,0.8844632220436789,0.9016828355623467,0.8930730288030129,0.9016828355623467,True,2,917,1494,d__Bacteria;p__Bacillota;c__Bacilli;o__Lactobacillales;f__Lactobacillaceae;g__Lactobacillus;s__Lactobacillus acidophilus
10000,0.0019083969465648854,0.004291845493562232,0.0019083969465648854,0.0033467202141900937,5.0,5.0,0.0,/group/ctbrowngrp5/sourmash-db.new/gtdb-rs226/gtdb-rs226-k51.dna.rocksdb,GCF_900011445.1 Streptococcus suis,5db85f169dd5c99969d7d1df9a4078d3,0.004291845493562232,10000,38,3980000,outputs.mapping/bams.cds.rand/ERR3211949.x.s__Fimisoma sp002320005.fastq.gz,ERR3211949.x.s__Fimisoma sp002320005,adfd3071,5240000,51,DNA,10000,524,True,0.8844632220436789,0.8986307105512661,0.8915469662974724,0.8986307105512661,True,5,922,1494,d__Bacteria;p__Bacillota;c__Bacilli;o__Lactobacillales;f__Streptococcaceae;g__Streptococcus;s__Streptococcus suis
10000,0.0019083969465648854,0.0034965034965034965,0.0019083969465648854,0.0006693440428380187,1.0,1.0,0.0,/group/ctbrowngrp5/sourmash-db.new/gtdb-rs226/gtdb-rs226-k51.dna.rocksdb,GCA_934316755.1 uncultured Agathobacter sp.,17902c00058e4af774892ae78bc03888,0.0034965034965034965,10000,39,3970000,outputs.mapping/bams.cds.rand/ERR3211949.x.s__Fimisoma sp002320005.fastq.gz,ERR3211949.x.s__Fimisoma sp002320005,adfd3071,5240000,51,DNA,10000,524,True,0.8844632220436789,0.8950266360394882,0.8897449290415835,0.8950266360394882,True,1,923,1494,d__Bacteria;p__Bacillota;c__Clostridia;o__Lachnospirales;f__Lachnospiraceae;g__Agathobacter;s__Agathobacter sp900543445
10000,0.0019083969465648854,0.0023923444976076554,0.0019083969465648854,0.0013386880856760374,2.0,2.0,0.0,/group/ctbrowngrp5/sourmash-db.new/gtdb-rs226/gtdb-rs226-k51.dna.rocksdb,GCA_949348665.1 Lachnospiraceae bacterium,ff36cd3936acd106863870042623b73b,0.0023923444976076554,10000,40,3960000,outputs.mapping/bams.cds.rand/ERR3211949.x.s__Fimisoma sp002320005.fastq.gz,ERR3211949.x.s__Fimisoma sp002320005,adfd3071,5240000,51,DNA,10000,524,True,0.8844632220436789,0.888391483638623,0.8864273528411509,0.888391483638623,True,2,925,1494,d__Bacteria;p__Bacillota;c__Clostridia;o__Lachnospirales;f__Lachnospiraceae;g__COE1;s__COE1 sp000403215
10000,0.0019083969465648854,0.002183406113537118,0.0019083969465648854,0.0006693440428380187,1.0,1.0,0.0,/group/ctbrowngrp5/sourmash-db.new/gtdb-rs226/gtdb-rs226-k51.dna.rocksdb,GCF_000355785.1 Clostridium butyricum DKU-01,a812bdf003bc5b2dcc10c8f39b18c9e5,0.002183406113537118,10000,41,3950000,outputs.mapping/bams.cds.rand/ERR3211949.x.s__Fimisoma sp002320005.fastq.gz,ERR3211949.x.s__Fimisoma sp002320005,adfd3071,5240000,51,DNA,10000,524,True,0.8844632220436789,0.8868009855505065,0.8856321037970927,0.8868009855505065,True,1,926,1494,d__Bacteria;p__Bacillota;c__Clostridia;o__Clostridiales;f__Clostridiaceae;g__Clostridium;s__Clostridium butyricum
40000,0.007633587786259542,0.002004008016032064,0.0019083969465648854,0.0006693440428380187,1.0,1.0,0.0,/group/ctbrowngrp5/sourmash-db.new/gtdb-rs226/gtdb-rs226-k51.dna.rocksdb,GCF_040910525.1 Blautia wexlerae,328a8c1bd93d81758f07537ef6f98611,0.008016032064128256,10000,42,3940000,outputs.mapping/bams.cds.rand/ERR3211949.x.s__Fimisoma sp002320005.fastq.gz,ERR3211949.x.s__Fimisoma sp002320005,adfd3071,5240000,51,DNA,10000,524,True,0.908834650149845,0.9097062230333399,0.9092704365915925,0.9097062230333399,True,1,927,1494,d__Bacteria;p__Bacillota;c__Clostridia;o__Lachnospirales;f__Lachnospiraceae;g__Blautia_A;s__Blautia_A wexlerae
10000,0.0019083969465648854,0.0037313432835820895,0.0019083969465648854,0.0006693440428380187,1.0,1.0,0.0,/group/ctbrowngrp5/sourmash-db.new/gtdb-rs226/gtdb-rs226-k51.dna.rocksdb,GCA_036800645.1 Oscillospiraceae bacterium,a3e3d20a430188c540cb33d63fe76cb0,0.0037313432835820895,10000,43,3930000,outputs.mapping/bams.cds.rand/ERR3211949.x.s__Fimisoma sp002320005.fastq.gz,ERR3211949.x.s__Fimisoma sp002320005,adfd3071,5240000,51,DNA,10000,524,True,0.8844632220436789,0.8961681683781925,0.8903156952109357,0.8961681683781925,True,1,928,1494,d__Bacteria;p__Bacillota;c__Clostridia;o__Oscillospirales;f__Oscillospiraceae;g__Hominicoprocola;s__Hominicoprocola sp900317525
10000,0.0019083969465648854,0.004807692307692308,0.0019083969465648854,0.0006693440428380187,1.0,1.0,0.0,/group/ctbrowngrp5/sourmash-db.new/gtdb-rs226/gtdb-rs226-k51.dna.rocksdb,GCF_025144545.1 Acidaminococcus intestini,f87f706dea65d8ac6f7253e4fe642d16,0.004807692307692308,10000,44,3920000,outputs.mapping/bams.cds.rand/ERR3211949.x.s__Fimisoma sp002320005.fastq.gz,ERR3211949.x.s__Fimisoma sp002320005,adfd3071,5240000,51,DNA,10000,524,True,0.8844632220436789,0.9006328380135685,0.8925480300286237,0.9006328380135685,True,1,929,1494,d__Bacteria;p__Bacillota;c__Negativicutes;o__Acidaminococcales;f__Acidaminococcaceae;g__Acidaminococcus;s__Acidaminococcus intestini
20000,0.003816793893129771,0.005376344086021506,0.0019083969465648854,0.004016064257028112,6.0,6.0,0.0,/group/ctbrowngrp5/sourmash-db.new/gtdb-rs226/gtdb-rs226-k51.dna.rocksdb,GCA_004553015.1 Clostridiales bacterium,743427a72385f27635486b570b611a52,0.010752688172043012,10000,45,3910000,outputs.mapping/bams.cds.rand/ERR3211949.x.s__Fimisoma sp002320005.fastq.gz,ERR3211949.x.s__Fimisoma sp002320005,adfd3071,5240000,51,DNA,10000,524,True,0.8965661286132058,0.9149603940215936,0.9057632613173997,0.9149603940215936,True,6,935,1494,d__Bacteria;p__Bacillota;c__Clostridia;o__Oscillospirales;f__Oscillospiraceae;g__F23-B02;s__F23-B02 sp000431075
10000,0.0019083969465648854,0.0028735632183908046,0.0019083969465648854,0.002008032128514056,3.0,3.0,0.0,/group/ctbrowngrp5/sourmash-db.new/gtdb-rs226/gtdb-rs226-k51.dna.rocksdb,GCA_041323695.1 Lachnospiraceae bacterium,69eb6432cd98d9772054f7f183064e89,0.0028735632183908046,10000,46,3900000,outputs.mapping/bams.cds.rand/ERR3211949.x.s__Fimisoma sp002320005.fastq.gz,ERR3211949.x.s__Fimisoma sp002320005,adfd3071,5240000,51,DNA,10000,524,True,0.8844632220436789,0.891589844055826,0.8880265330497524,0.891589844055826,True,3,938,1494,d__Bacteria;p__Bacillota;c__Clostridia;o__Lachnospirales;f__Lachnospiraceae;g__Jutongia;s__Jutongia sp003524945
10000,0.0019083969465648854,0.002570694087403599,0.0019083969465648854,0.0006693440428380187,1.0,1.0,0.0,/group/ctbrowngrp5/sourmash-db.new/gtdb-rs226/gtdb-rs226-k51.dna.rocksdb,GCA_036776475.1 Acinetobacter johnsonii,77a0cf2b7d59604dd76809987eb0cbc8,0.002570694087403599,10000,47,3890000,outputs.mapping/bams.cds.rand/ERR3211949.x.s__Fimisoma sp002320005.fastq.gz,ERR3211949.x.s__Fimisoma sp002320005,adfd3071,5240000,51,DNA,10000,524,True,0.8844632220436789,0.8896448611500511,0.8870540415968651,0.8896448611500511,True,1,939,1494,d__Bacteria;p__Pseudomonadota;c__Gammaproteobacteria;o__Pseudomonadales;f__Moraxellaceae;g__Acinetobacter;s__Acinetobacter johnsonii
10000,0.0019083969465648854,0.007692307692307693,0.0019083969465648854,0.0006693440428380187,1.0,1.0,0.0,/group/ctbrowngrp5/sourmash-db.new/gtdb-rs226/gtdb-rs226-k51.dna.rocksdb,GCA_035647315.1 Oscillospiraceae bacterium,a4676e5dd4d0ddeb3a953ce1c5b88f23,0.007692307692307693,10000,48,3880000,outputs.mapping/bams.cds.rand/ERR3211949.x.s__Fimisoma sp002320005.fastq.gz,ERR3211949.x.s__Fimisoma sp002320005,adfd3071,5240000,51,DNA,10000,524,True,0.8844632220436789,0.9089712150027334,0.8967172185232062,0.9089712150027334,True,1,940,1494,d__Bacteria;p__Bacillota;c__Clostridia;o__Saccharofermentanales;f__DTU023;g__DTU032;s__DTU032 sp012728535
10000,0.0019083969465648854,0.0038022813688212928,0.0019083969465648854,0.002008032128514056,3.0,3.0,0.0,/group/ctbrowngrp5/sourmash-db.new/gtdb-rs226/gtdb-rs226-k51.dna.rocksdb,GCA_902478445.1 uncultured Oscillospiraceae bacterium,913496c58eba1cb9b9393f24b2a05661,0.0038022813688212928,10000,49,3870000,outputs.mapping/bams.cds.rand/ERR3211949.x.s__Fimisoma sp002320005.fastq.gz,ERR3211949.x.s__Fimisoma sp002320005,adfd3071,5240000,51,DNA,10000,524,True,0.8844632220436789,0.896499160640959,0.890481191342319,0.896499160640959,True,3,943,1494,d__Bacteria;p__Bacillota;c__Clostridia;o__Oscillospirales;f__Acutalibacteraceae;g__UMGS1623;s__UMGS1623 sp934647945
10000,0.0019083969465648854,0.003816793893129771,0.0019083969465648854,0.0006693440428380187,1.0,1.0,0.0,/group/ctbrowngrp5/sourmash-db.new/gtdb-rs226/gtdb-rs226-k51.dna.rocksdb,GCA_937923055.1 uncultured Clostridium sp.,4be3f7e33991efaff61407c776d65769,0.003816793893129771,10000,50,3860000,outputs.mapping/bams.cds.rand/ERR3211949.x.s__Fimisoma sp002320005.fastq.gz,ERR3211949.x.s__Fimisoma sp002320005,adfd3071,5240000,51,DNA,10000,524,True,0.8844632220436789,0.8965661286132058,0.8905146753284423,0.8965661286132058,True,1,944,1494,d__Bacteria;p__Bacillota;c__Clostridia;o__Lachnospirales;f__Lachnospiraceae;g__Enterocloster;s__Enterocloster sp900543885
10000,0.0019083969465648854,0.00425531914893617,0.0019083969465648854,0.004685408299866131,7.0,7.0,0.0,/group/ctbrowngrp5/sourmash-db.new/gtdb-rs226/gtdb-rs226-k51.dna.rocksdb,GCA_034171385.1 Agathobacter sp.,1bee46cbb4e96c5ec07c73d678babce4,0.00425531914893617,10000,51,3850000,outputs.mapping/bams.cds.rand/ERR3211949.x.s__Fimisoma sp002320005.fastq.gz,ERR3211949.x.s__Fimisoma sp002320005,adfd3071,5240000,51,DNA,10000,524,True,0.8844632220436789,0.8984801221677612,0.8914716721057201,0.8984801221677612,True,7,951,1494,d__Bacteria;p__Bacillota;c__Clostridia;o__Lachnospirales;f__Lachnospiraceae;g__Agathobacter;s__Agathobacter sp900549895
10000,0.0019083969465648854,0.002849002849002849,0.0019083969465648854,0.004016064257028112,6.0,6.0,0.0,/group/ctbrowngrp5/sourmash-db.new/gtdb-rs226/gtdb-rs226-k51.dna.rocksdb,GCA_028310265.1 Blautia wexlerae,3b3ebeefbb8978cf20f7e28e0f78ff7c,0.002849002849002849,10000,52,3840000,outputs.mapping/bams.cds.rand/ERR3211949.x.s__Fimisoma sp002320005.fastq.gz,ERR3211949.x.s__Fimisoma sp002320005,adfd3071,5240000,51,DNA,10000,524,True,0.8844632220436789,0.8914397943560793,0.8879515081998791,0.8914397943560793,True,6,957,1494,d__Bacteria;p__Bacillota;c__Clostridia;o__Lachnospirales;f__Lachnospiraceae;g__Fusicatenibacter;s__Fusicatenibacter saccharivorans
10000,0.0019083969465648854,0.008264462809917356,0.0019083969465648854,0.0006693440428380187,1.0,1.0,0.0,/group/ctbrowngrp5/sourmash-db.new/gtdb-rs226/gtdb-rs226-k51.dna.rocksdb,GCA_928721785.1 uncultured Clostridia bacterium,2031887f3aad0c3600c75e01aa00b7b7,0.008264462809917356,10000,53,3830000,outputs.mapping/bams.cds.rand/ERR3211949.x.s__Fimisoma sp002320005.fastq.gz,ERR3211949.x.s__Fimisoma sp002320005,adfd3071,5240000,51,DNA,10000,524,True,0.8844632220436789,0.9102508039235093,0.8973570129835942,0.9102508039235093,True,1,958,1494,d__Bacteria;p__Bacillota;c__Clostridia;o__TANB77;f__CAG-508;g__CAG-273;s__CAG-273 sp000435755
10000,0.0019083969465648854,0.0022624434389140274,0.0019083969465648854,0.0006693440428380187,1.0,1.0,0.0,/group/ctbrowngrp5/sourmash-db.new/gtdb-rs226/gtdb-rs226-k51.dna.rocksdb,GCA_027685215.1 [Clostridium] innocuum,24523bb4fe49fe13ae47f45c5f6028f0,0.0022624434389140274,10000,54,3820000,outputs.mapping/bams.cds.rand/ERR3211949.x.s__Fimisoma sp002320005.fastq.gz,ERR3211949.x.s__Fimisoma sp002320005,adfd3071,5240000,51,DNA,10000,524,True,0.8844632220436789,0.8874195153555567,0.8859413686996178,0.8874195153555567,True,1,959,1494,d__Bacteria;p__Bacillota;c__Bacilli;o__Erysipelotrichales;f__Erysipelotrichaceae;g__Clostridium_AQ;s__Clostridium_AQ innocuum
10000,0.0019083969465648854,0.006097560975609756,0.0019083969465648854,0.0033467202141900937,5.0,5.0,0.0,/group/ctbrowngrp5/sourmash-db.new/gtdb-rs226/gtdb-rs226-k51.dna.rocksdb,GCA_004558825.1 Clostridiales bacterium,12a92cec39cf7125a02fc53e50ee926b,0.006097560975609756,10000,55,3810000,outputs.mapping/bams.cds.rand/ERR3211949.x.s__Fimisoma sp002320005.fastq.gz,ERR3211949.x.s__Fimisoma sp002320005,adfd3071,5240000,51,DNA,10000,524,True,0.8844632220436789,0.9048397878646056,0.8946515049541423,0.9048397878646056,True,5,964,1494,d__Bacteria;p__Bacillota;c__Clostridia;o__Christensenellales;f__CAG-138;g__SFDB01;s__SFDB01 sp004558825
10000,0.0019083969465648854,0.003952569169960474,0.0019083969465648854,0.002677376171352075,4.0,4.0,0.0,/group/ctbrowngrp5/sourmash-db.new/gtdb-rs226/gtdb-rs226-k51.dna.rocksdb,GCA_034114025.1 Candidatus Cryptobacteroides sp.,e7a62e54ca1aa9669dc1ebcd3d0e3b86,0.003952569169960474,10000,56,3800000,outputs.mapping/bams.cds.rand/ERR3211949.x.s__Fimisoma sp002320005.fastq.gz,ERR3211949.x.s__Fimisoma sp002320005,adfd3071,5240000,51,DNA,10000,524,True,0.8844632220436789,0.8971808389049852,0.8908220304743321,0.8971808389049852,True,4,968,1494,d__Bacteria;p__Bacteroidota;c__Bacteroidia;o__Bacteroidales;f__UBA932;g__Cryptobacteroides;s__Cryptobacteroides sp034089285
20000,0.003816793893129771,0.0025,0.0019083969465648854,0.0013386880856760374,2.0,2.0,0.0,/group/ctbrowngrp5/sourmash-db.new/gtdb-rs226/gtdb-rs226-k51.dna.rocksdb,GCA_040096245.1 Waltera hominis,98b5d2c6e18d858c9a095e5d97135167,0.005,10000,57,3790000,outputs.mapping/bams.cds.rand/ERR3211949.x.s__Fimisoma sp002320005.fastq.gz,ERR3211949.x.s__Fimisoma sp002320005,adfd3071,5240000,51,DNA,10000,524,True,0.8965661286132058,0.9013257213104922,0.898945924961849,0.9013257213104922,True,2,970,1494,d__Bacteria;p__Bacillota;c__Clostridia;o__Lachnospirales;f__Lachnospiraceae;g__Acetatifactor;s__Acetatifactor hominis
10000,0.0019083969465648854,0.004975124378109453,0.0019083969465648854,0.0006693440428380187,1.0,1.0,0.0,/group/ctbrowngrp5/sourmash-db.new/gtdb-rs226/gtdb-rs226-k51.dna.rocksdb,GCA_945828095.1 uncultured Clostridia bacterium,f8f47772cfd9f6be2b94f03ea07e040a,0.004975124378109453,10000,58,3780000,outputs.mapping/bams.cds.rand/ERR3211949.x.s__Fimisoma sp002320005.fastq.gz,ERR3211949.x.s__Fimisoma sp002320005,adfd3071,5240000,51,DNA,10000,524,True,0.8844632220436789,0.9012375805331682,0.8928504012884235,0.9012375805331682,True,1,971,1494,d__Bacteria;p__Bacillota;c__Clostridia;o__Peptostreptococcales;f__Anaerovoracaceae;g__CAG-238;s__CAG-238 sp945828095
10000,0.0019083969465648854,0.008771929824561403,0.0019083969465648854,0.0013386880856760374,2.0,2.0,0.0,/group/ctbrowngrp5/sourmash-db.new/gtdb-rs226/gtdb-rs226-k51.dna.rocksdb,GCA_022780765.1 Bacilli bacterium,9ce83249623a09edeafa0bcf6fab51a2,0.008771929824561403,10000,59,3770000,outputs.mapping/bams.cds.rand/ERR3211949.x.s__Fimisoma sp002320005.fastq.gz,ERR3211949.x.s__Fimisoma sp002320005,adfd3071,5240000,51,DNA,10000,524,True,0.8844632220436789,0.911315028588222,0.8978891253159504,0.911315028588222,True,2,973,1494,d__Bacteria;p__Bacillota;c__Bacilli;o__RFN20;f__CAG-288;g__Enterosoma;s__Enterosoma sp022780765
10000,0.0019083969465648854,0.004347826086956522,0.0019083969465648854,0.0013386880856760374,2.0,2.0,0.0,/group/ctbrowngrp5/sourmash-db.new/gtdb-rs226/gtdb-rs226-k51.dna.rocksdb,GCA_034178635.1 Bacteroidaceae bacterium,26afbd660950baefca763493b71a8f56,0.004347826086956522,10000,60,3760000,outputs.mapping/bams.cds.rand/ERR3211949.x.s__Fimisoma sp002320005.fastq.gz,ERR3211949.x.s__Fimisoma sp002320005,adfd3071,5240000,51,DNA,10000,524,True,0.8844632220436789,0.8988590824149439,0.8916611522293114,0.8988590824149439,True,2,975,1494,d__Bacteria;p__Bacteroidota;c__Bacteroidia;o__Bacteroidales;f__Bacteroidaceae;g__Physcousia;s__Physcousia sp900766785
10000,0.0019083969465648854,0.004081632653061225,0.0019083969465648854,0.02208835341365462,33.0,33.0,0.0,/group/ctbrowngrp5/sourmash-db.new/gtdb-rs226/gtdb-rs226-k51.dna.rocksdb,GCA_900763825.1 uncultured Prevotella sp.,7f0118ff1001444d01de64a75678ed78,0.004081632653061225,10000,61,3750000,outputs.mapping/bams.cds.rand/ERR3211949.x.s__Fimisoma sp002320005.fastq.gz,ERR3211949.x.s__Fimisoma sp002320005,adfd3071,5240000,51,DNA,10000,524,True,0.8844632220436789,0.897746263416111,0.8911047427298949,0.897746263416111,True,33,1008,1494,d__Bacteria;p__Bacteroidota;c__Bacteroidia;o__Bacteroidales;f__Bacteroidaceae;g__Prevotella;s__Prevotella sp900552675
10000,0.0019083969465648854,0.002631578947368421,0.0019083969465648854,0.007362784471218206,11.0,11.0,0.0,/group/ctbrowngrp5/sourmash-db.new/gtdb-rs226/gtdb-rs226-k51.dna.rocksdb,GCA_024399065.1 Fibrobacter sp.,8845ef7af15774a9c9b0e0f93c609b09,0.002631578947368421,10000,62,3740000,outputs.mapping/bams.cds.rand/ERR3211949.x.s__Fimisoma sp002320005.fastq.gz,ERR3211949.x.s__Fimisoma sp002320005,adfd3071,5240000,51,DNA,10000,524,True,0.8844632220436789,0.8900532860056227,0.8872582540246507,0.8900532860056227,True,11,1019,1494,d__Bacteria;p__Fibrobacterota;c__Fibrobacteria;o__Fibrobacterales;f__Fibrobacteraceae;g__Fibrobacter;s__Fibrobacter sp024399065
10000,0.0019083969465648854,0.004878048780487805,0.0019083969465648854,0.0006693440428380187,1.0,1.0,0.0,/group/ctbrowngrp5/sourmash-db.new/gtdb-rs226/gtdb-rs226-k51.dna.rocksdb,GCA_014869355.1 Oscillospiraceae bacterium,b2cfa88cb8acca51a741b6cd78e6d97c,0.004878048780487805,10000,63,3730000,outputs.mapping/bams.cds.rand/ERR3211949.x.s__Fimisoma sp002320005.fastq.gz,ERR3211949.x.s__Fimisoma sp002320005,adfd3071,5240000,51,DNA,10000,524,True,0.8844632220436789,0.9008894330777228,0.8926763275607008,0.9008894330777228,True,1,1020,1494,d__Bacteria;p__Bacillota;c__Clostridia;o__Oscillospirales;f__Oscillospiraceae;g__Hominicoprocola;s__Hominicoprocola fusiformis
20000,0.003816793893129771,0.004608294930875576,0.0019083969465648854,0.002008032128514056,3.0,3.0,0.0,/group/ctbrowngrp5/sourmash-db.new/gtdb-rs226/gtdb-rs226-k51.dna.rocksdb,GCF_000785105.2 Lentilactobacillus curieae,5441a64b02dfe6424f8f05805c98db10,0.009216589861751152,10000,64,3720000,outputs.mapping/bams.cds.rand/ERR3211949.x.s__Fimisoma sp002320005.fastq.gz,ERR3211949.x.s__Fimisoma sp002320005,adfd3071,5240000,51,DNA,10000,524,True,0.8965661286132058,0.9121990444611786,0.9043825865371922,0.9121990444611786,True,3,1023,1494,d__Bacteria;p__Bacillota;c__Bacilli;o__Lactobacillales;f__Lactobacillaceae;g__Lentilactobacillus;s__Lentilactobacillus curieae
10000,0.0019083969465648854,0.005376344086021506,0.0019083969465648854,0.0006693440428380187,1.0,1.0,0.0,/group/ctbrowngrp5/sourmash-db.new/gtdb-rs226/gtdb-rs226-k51.dna.rocksdb,GCA_902472625.1 uncultured Bacillales bacterium,a05f0ac0a6b942d4a80bfb4ba736b9ef,0.005376344086021506,10000,65,3710000,outputs.mapping/bams.cds.rand/ERR3211949.x.s__Fimisoma sp002320005.fastq.gz,ERR3211949.x.s__Fimisoma sp002320005,adfd3071,5240000,51,DNA,10000,524,True,0.8844632220436789,0.9026091799725088,0.8935362010080938,0.9026091799725088,True,1,1024,1494,d__Bacteria;p__Bacillota;c__Bacilli;o__ML615J-28;f__CAG-313;g__UMGS1109;s__UMGS1109 sp900548675
30000,0.0057251908396946565,0.0033222591362126247,0.0019083969465648854,0.002677376171352075,4.0,4.0,0.0,/group/ctbrowngrp5/sourmash-db.new/gtdb-rs226/gtdb-rs226-k51.dna.rocksdb,GCA_022777665.1 Lachnospiraceae bacterium,b7870269a68b9fdab9ac049559ddefac,0.009966777408637873,10000,66,3700000,outputs.mapping/bams.cds.rand/ERR3211949.x.s__Fimisoma sp002320005.fastq.gz,ERR3211949.x.s__Fimisoma sp002320005,adfd3071,5240000,51,DNA,10000,524,True,0.9037225048933111,0.9135997575918425,0.9086611312425767,0.9135997575918425,True,4,1028,1494,d__Bacteria;p__Bacillota;c__Clostridia;o__Lachnospirales;f__Lachnospiraceae;g__Suilimivivens;s__Suilimivivens sp021628825
20000,0.003816793893129771,0.004464285714285714,0.0019083969465648854,0.0006693440428380187,1.0,1.0,0.0,/group/ctbrowngrp5/sourmash-db.new/gtdb-rs226/gtdb-rs226-k51.dna.rocksdb,GCA_945947505.1 uncultured bacterium,e11b17d6f92655e869f92e5918a7ee33,0.008928571428571428,10000,67,3690000,outputs.mapping/bams.cds.rand/ERR3211949.x.s__Fimisoma sp002320005.fastq.gz,ERR3211949.x.s__Fimisoma sp002320005,adfd3071,5240000,51,DNA,10000,524,True,0.8965661286132058,0.9116313558407262,0.904098742226966,0.9116313558407262,True,1,1029,1494,d__Bacteria;p__Bacillota;c__Clostridia;o__Lachnospirales;f__Lachnospiraceae;g__Bariatricus;s__Bariatricus sp004560705
10000,0.0019083969465648854,0.0058823529411764705,0.0019083969465648854,0.0006693440428380187,1.0,1.0,0.0,/group/ctbrowngrp5/sourmash-db.new/gtdb-rs226/gtdb-rs226-k51.dna.rocksdb,GCA_963598545.1 Gemmiger formicilis,8df66bc491edc8aac21968d6c6a7f1c7,0.0058823529411764705,10000,68,3680000,outputs.mapping/bams.cds.rand/ERR3211949.x.s__Fimisoma sp002320005.fastq.gz,ERR3211949.x.s__Fimisoma sp002320005,adfd3071,5240000,51,DNA,10000,524,True,0.8844632220436789,0.9042025082392618,0.8943328651414704,0.9042025082392618,True,1,1030,1494,d__Bacteria;p__Bacillota;c__Clostridia;o__Oscillospirales;f__Acutalibacteraceae;g__Eubacterium_R;s__Eubacterium_R sp900542875
10000,0.0019083969465648854,0.009433962264150943,0.0019083969465648854,0.0013386880856760374,2.0,2.0,0.0,/group/ctbrowngrp5/sourmash-db.new/gtdb-rs226/gtdb-rs226-k51.dna.rocksdb,GCA_022009875.1 Clostridium sp.,b6cdbadae011a586af03cd81b1e23e09,0.009433962264150943,10000,69,3670000,outputs.mapping/bams.cds.rand/ERR3211949.x.s__Fimisoma sp002320005.fastq.gz,ERR3211949.x.s__Fimisoma sp002320005,adfd3071,5240000,51,DNA,10000,524,True,0.8844632220436789,0.9126160876839744,0.8985396548638267,0.9126160876839744,True,2,1032,1494,d__Bacteria;p__Bacillota;c__Bacilli;o__RF39;f__UBA660;g__CAG-533;s__CAG-533 sp000434495
10000,0.0019083969465648854,0.004545454545454545,0.0019083969465648854,0.0006693440428380187,1.0,1.0,0.0,/group/ctbrowngrp5/sourmash-db.new/gtdb-rs226/gtdb-rs226-k51.dna.rocksdb,GCA_948751085.1 uncultured Oscillospiraceae bacterium,ba40cdb1cebfa775676263524ca95551,0.004545454545454545,10000,70,3660000,outputs.mapping/bams.cds.rand/ERR3211949.x.s__Fimisoma sp002320005.fastq.gz,ERR3211949.x.s__Fimisoma sp002320005,adfd3071,5240000,51,DNA,10000,524,True,0.8844632220436789,0.8996428723837347,0.8920530472137068,0.8996428723837347,True,1,1033,1494,d__Bacteria;p__Bacillota;c__Clostridia;o__Oscillospirales;f__Ruminococcaceae;g__Porcipelethomonas;s__Porcipelethomonas sp910588145
10000,0.0019083969465648854,0.0049261083743842365,0.0019083969465648854,0.0006693440428380187,1.0,1.0,0.0,/group/ctbrowngrp5/sourmash-db.new/gtdb-rs226/gtdb-rs226-k51.dna.rocksdb,GCA_004558645.1 Oscillospiraceae bacterium,c0d5e920f6087df74ad1750bfa96151c,0.0049261083743842365,10000,71,3650000,outputs.mapping/bams.cds.rand/ERR3211949.x.s__Fimisoma sp002320005.fastq.gz,ERR3211949.x.s__Fimisoma sp002320005,adfd3071,5240000,51,DNA,10000,524,True,0.8844632220436789,0.9010626324715498,0.8927629272576143,0.9010626324715498,True,1,1034,1494,d__Bacteria;p__Bacillota;c__Clostridia;o__Oscillospirales;f__Ruminococcaceae;g__Angelakisella;s__Angelakisella sp004557855
30000,0.0057251908396946565,0.0035460992907801418,0.0019083969465648854,0.0006693440428380187,1.0,1.0,0.0,/group/ctbrowngrp5/sourmash-db.new/gtdb-rs226/gtdb-rs226-k51.dna.rocksdb,GCA_963656025.1 uncultured Eubacteriales bacterium,52a5d5d77f21c29a52347102bdcaa344,0.010638297872340425,10000,72,3640000,outputs.mapping/bams.cds.rand/ERR3211949.x.s__Fimisoma sp002320005.fastq.gz,ERR3211949.x.s__Fimisoma sp002320005,adfd3071,5240000,51,DNA,10000,524,True,0.9037225048933111,0.9147685363760626,0.9092455206346868,0.9147685363760626,True,1,1035,1494,d__Bacteria;p__Bacteroidota;c__Bacteroidia;o__Bacteroidales;f__Paludibacteraceae;g__Colicola;s__Colicola sp963635385
10000,0.0019083969465648854,0.005076142131979695,0.0019083969465648854,0.0006693440428380187,1.0,1.0,0.0,/group/ctbrowngrp5/sourmash-db.new/gtdb-rs226/gtdb-rs226-k51.dna.rocksdb,GCA_902796245.1 Oscillospiraceae bacterium,ac5bab2911dfa4ecaacc994a23a6967d,0.005076142131979695,10000,73,3630000,outputs.mapping/bams.cds.rand/ERR3211949.x.s__Fimisoma sp002320005.fastq.gz,ERR3211949.x.s__Fimisoma sp002320005,adfd3071,5240000,51,DNA,10000,524,True,0.8844632220436789,0.9015928650194664,0.8930280435315727,0.9015928650194664,True,1,1036,1494,d__Bacteria;p__Bacillota;c__Clostridia;o__Oscillospirales;f__Oscillospiraceae;g__CAG-170;s__CAG-170 sp902796245
10000,0.0019083969465648854,0.0033222591362126247,0.0019083969465648854,0.0013386880856760374,2.0,2.0,0.0,/group/ctbrowngrp5/sourmash-db.new/gtdb-rs226/gtdb-rs226-k51.dna.rocksdb,GCA_900543835.1 uncultured Prevotella sp.,c728bd22bfc3227d23dea925e4c1a178,0.0033222591362126247,10000,74,3620000,outputs.mapping/bams.cds.rand/ERR3211949.x.s__Fimisoma sp002320005.fastq.gz,ERR3211949.x.s__Fimisoma sp002320005,adfd3071,5240000,51,DNA,10000,524,True,0.8844632220436789,0.8941299800356292,0.889296601039654,0.8941299800356292,True,2,1038,1494,d__Bacteria;p__Bacteroidota;c__Bacteroidia;o__Bacteroidales;f__Bacteroidaceae;g__Prevotella;s__Prevotella sp900313215
10000,0.0019083969465648854,0.0037593984962406013,0.0019083969465648854,0.0006693440428380187,1.0,1.0,0.0,/group/ctbrowngrp5/sourmash-db.new/gtdb-rs226/gtdb-rs226-k51.dna.rocksdb,GCA_022774945.1 Lachnobacterium sp.,af426f33d2866d663b77828fd6516469,0.0037593984962406013,10000,75,3610000,outputs.mapping/bams.cds.rand/ERR3211949.x.s__Fimisoma sp002320005.fastq.gz,ERR3211949.x.s__Fimisoma sp002320005,adfd3071,5240000,51,DNA,10000,524,True,0.8844632220436789,0.896299803565827,0.890381512804753,0.896299803565827,True,1,1039,1494,d__Bacteria;p__Bacillota;c__Clostridia;o__Lachnospirales;f__Lachnospiraceae;g__Agathobacter;s__Agathobacter sp905209075
10000,0.0019083969465648854,0.006896551724137931,0.0019083969465648854,0.0006693440428380187,1.0,1.0,0.0,/group/ctbrowngrp5/sourmash-db.new/gtdb-rs226/gtdb-rs226-k51.dna.rocksdb,GCA_900769565.1 Clostridia bacterium,325570dc49f0f4f72f7754a40cfb8a5f,0.006896551724137931,10000,76,3600000,outputs.mapping/bams.cds.rand/ERR3211949.x.s__Fimisoma sp002320005.fastq.gz,ERR3211949.x.s__Fimisoma sp002320005,adfd3071,5240000,51,DNA,10000,524,True,0.8844632220436789,0.907027041982046,0.8957451320128624,0.907027041982046,True,1,1040,1494,d__Bacteria;p__Bacillota;c__Clostridia;o__Christensenellales;f__Borkfalkiaceae;g__UBA1259;s__UBA1259 sp900769565
10000,0.0019083969465648854,0.005025125628140704,0.0019083969465648854,0.002008032128514056,3.0,3.0,0.0,/group/ctbrowngrp5/sourmash-db.new/gtdb-rs226/gtdb-rs226-k51.dna.rocksdb,GCA_934841105.1 uncultured bacterium,8a8accf1befb9a4a44102951204c7029,0.005025125628140704,10000,77,3590000,outputs.mapping/bams.cds.rand/ERR3211949.x.s__Fimisoma sp002320005.fastq.gz,ERR3211949.x.s__Fimisoma sp002320005,adfd3071,5240000,51,DNA,10000,524,True,0.8844632220436789,0.9014143125831353,0.892938767313407,0.9014143125831353,True,3,1043,1494,d__Bacteria;p__Bacillota;c__Clostridia;o__Oscillospirales;f__Ruminococcaceae;g__SFIE01;s__SFIE01 sp004555405
10000,0.0019083969465648854,0.004,0.0019083969465648854,0.0013386880856760374,2.0,2.0,0.0,/group/ctbrowngrp5/sourmash-db.new/gtdb-rs226/gtdb-rs226-k51.dna.rocksdb,GCA_017935365.1 Ruminiclostridium sp.,c29866b0d37461078f69e578c01ee231,0.004,10000,78,3580000,outputs.mapping/bams.cds.rand/ERR3211949.x.s__Fimisoma sp002320005.fastq.gz,ERR3211949.x.s__Fimisoma sp002320005,adfd3071,5240000,51,DNA,10000,524,True,0.8844632220436789,0.8973907082557256,0.8909269651497023,0.8973907082557256,True,2,1045,1494,d__Bacteria;p__Bacillota;c__Clostridia;o__Oscillospirales;f__Ruminococcaceae;g__Ruminiclostridium_E;s__Ruminiclostridium_E sp017935365
10000,0.0019083969465648854,0.004524886877828055,0.0019083969465648854,0.023427041499330656,35.0,35.0,0.0,/group/ctbrowngrp5/sourmash-db.new/gtdb-rs226/gtdb-rs226-k51.dna.rocksdb,GCA_945912845.1 uncultured Bacteroidales bacterium,88a0c89c53a152cee5ec79844bb82a1a,0.004524886877828055,10000,79,3570000,outputs.mapping/bams.cds.rand/ERR3211949.x.s__Fimisoma sp002320005.fastq.gz,ERR3211949.x.s__Fimisoma sp002320005,adfd3071,5240000,51,DNA,10000,524,True,0.8844632220436789,0.8995628755480881,0.8920130487958835,0.8995628755480881,True,35,1080,1494,d__Bacteria;p__Bacteroidota;c__Bacteroidia;o__Bacteroidales;f__Bacteroidaceae;g__Alloprevotella;s__Alloprevotella sp004555425
20000,0.003816793893129771,0.003246753246753247,0.0019083969465648854,0.0006693440428380187,1.0,1.0,0.0,/group/ctbrowngrp5/sourmash-db.new/gtdb-rs226/gtdb-rs226-k51.dna.rocksdb,GCA_900771365.1 Bacteroidales bacterium,4d1d84aefc669ee9b839977a8b9bf2b5,0.006493506493506494,10000,80,3560000,outputs.mapping/bams.cds.rand/ERR3211949.x.s__Fimisoma sp002320005.fastq.gz,ERR3211949.x.s__Fimisoma sp002320005,adfd3071,5240000,51,DNA,10000,524,True,0.8965661286132058,0.9059566909928176,0.9012614098030117,0.9059566909928176,True,1,1081,1494,d__Bacteria;p__Bacteroidota;c__Bacteroidia;o__Bacteroidales;f__P3;g__Colimorpha;s__Colimorpha sp900771365
10000,0.0019083969465648854,0.003003003003003003,0.0019083969465648854,0.0006693440428380187,1.0,1.0,0.0,/group/ctbrowngrp5/sourmash-db.new/gtdb-rs226/gtdb-rs226-k51.dna.rocksdb,GCA_949030205.1 uncultured Lachnospiraceae bacterium,f3fb6dad4a60685b6a24512ffffe30e5,0.003003003003003003,10000,81,3550000,outputs.mapping/bams.cds.rand/ERR3211949.x.s__Fimisoma sp002320005.fastq.gz,ERR3211949.x.s__Fimisoma sp002320005,adfd3071,5240000,51,DNA,10000,524,True,0.8844632220436789,0.8923604403934454,0.8884118312185622,0.8923604403934454,True,1,1082,1494,d__Bacteria;p__Bacillota;c__Clostridia;o__Lachnospirales;f__Lachnospiraceae;g__RGIG4057;s__RGIG4057 sp910577675
20000,0.003816793893129771,0.004347826086956522,0.0019083969465648854,0.0006693440428380187,1.0,1.0,0.0,/group/ctbrowngrp5/sourmash-db.new/gtdb-rs226/gtdb-rs226-k51.dna.rocksdb,GCA_946614955.1 uncultured Clostridia bacterium,8cd5f84e3e6ec8ead76569542d6185bb,0.008695652173913044,10000,82,3540000,outputs.mapping/bams.cds.rand/ERR3211949.x.s__Fimisoma sp002320005.fastq.gz,ERR3211949.x.s__Fimisoma sp002320005,adfd3071,5240000,51,DNA,10000,524,True,0.8965661286132058,0.9111589805028507,0.9038625545580283,0.9111589805028507,True,1,1083,1494,d__Bacteria;p__Bacillota;c__Clostridia;o__Oscillospirales;f__Ruminococcaceae;g__UBA3818;s__UBA3818 sp002369315
10000,0.0019083969465648854,0.005376344086021506,0.0019083969465648854,0.002008032128514056,3.0,3.0,0.0,/group/ctbrowngrp5/sourmash-db.new/gtdb-rs226/gtdb-rs226-k51.dna.rocksdb,GCA_945992195.1 uncultured Oribacterium sp.,8ed60d9be1ac596ad7d1ec6cba0e8ac7,0.005376344086021506,10000,83,3530000,outputs.mapping/bams.cds.rand/ERR3211949.x.s__Fimisoma sp002320005.fastq.gz,ERR3211949.x.s__Fimisoma sp002320005,adfd3071,5240000,51,DNA,10000,524,True,0.8844632220436789,0.9026091799725088,0.8935362010080938,0.9026091799725088,True,3,1086,1494,d__Bacteria;p__Bacillota;c__Clostridia;o__Lachnospirales;f__Lachnospiraceae;g__Oribacterium;s__Oribacterium sp004554245
10000,0.0019083969465648854,0.0048543689320388345,0.0019083969465648854,0.0006693440428380187,1.0,1.0,0.0,/group/ctbrowngrp5/sourmash-db.new/gtdb-rs226/gtdb-rs226-k51.dna.rocksdb,GCA_946403195.1 uncultured Clostridia bacterium,247eb66cf55b29cc9c2181bf669fe0a2,0.0048543689320388345,10000,84,3520000,outputs.mapping/bams.cds.rand/ERR3211949.x.s__Fimisoma sp002320005.fastq.gz,ERR3211949.x.s__Fimisoma sp002320005,adfd3071,5240000,51,DNA,10000,524,True,0.8844632220436789,0.900803478377785,0.892633350210732,0.900803478377785,True,1,1087,1494,d__Bacteria;p__Bacillota;c__Clostridia;o__Oscillospirales;f__Oscillospiraceae;g__Oscillibacter;s__Oscillibacter sp945864305
70000,0.013358778625954198,0.004807692307692308,0.0019083969465648854,0.002677376171352075,4.0,4.0,0.0,/group/ctbrowngrp5/sourmash-db.new/gtdb-rs226/gtdb-rs226-k51.dna.rocksdb,GCA_945864645.1 uncultured Firmicutes bacterium,2b8c11e85ff978fb6584aa90b61f1719,0.03365384615384615,10000,85,3510000,outputs.mapping/bams.cds.rand/ERR3211949.x.s__Fimisoma sp002320005.fastq.gz,ERR3211949.x.s__Fimisoma sp002320005,adfd3071,5240000,51,DNA,10000,524,True,0.9188620784096618,0.9356605688012104,0.9272613236054361,0.9356605688012104,False,4,1091,1494,d__Bacteria;p__Bacillota;c__Clostridia;o__Peptostreptococcales;f__Anaerovoracaceae;g__Fimisoma;s__Fimisoma sp002320005
10000,0.0019083969465648854,0.007518796992481203,0.0019083969465648854,0.0006693440428380187,1.0,1.0,0.0,/group/ctbrowngrp5/sourmash-db.new/gtdb-rs226/gtdb-rs226-k51.dna.rocksdb,GCA_934096605.1 uncultured Bacilli bacterium,c90f2aa47400d562bf7b7748cb5a7833,0.007518796992481203,10000,86,3500000,outputs.mapping/bams.cds.rand/ERR3211949.x.s__Fimisoma sp002320005.fastq.gz,ERR3211949.x.s__Fimisoma sp002320005,adfd3071,5240000,51,DNA,10000,524,True,0.8844632220436789,0.9085646807370644,0.8965139513903717,0.9085646807370644,True,1,1092,1494,d__Bacteria;p__Bacillota;c__Bacilli;o__RF39;f__UBA660;g__Ventrenecus;s__Ventrenecus sp934096605
10000,0.0019083969465648854,0.005235602094240838,0.0019083969465648854,0.0006693440428380187,1.0,1.0,0.0,/group/ctbrowngrp5/sourmash-db.new/gtdb-rs226/gtdb-rs226-k51.dna.rocksdb,GCA_034175745.1 Bullifex sp.,24912f04e878494ccc59b78fa62c6dec,0.005235602094240838,10000,87,3490000,outputs.mapping/bams.cds.rand/ERR3211949.x.s__Fimisoma sp002320005.fastq.gz,ERR3211949.x.s__Fimisoma sp002320005,adfd3071,5240000,51,DNA,10000,524,True,0.8844632220436789,0.9021398257330133,0.8933015238883462,0.9021398257330133,True,1,1093,1494,d__Bacteria;p__Spirochaetota;c__Spirochaetia;o__Sphaerochaetales;f__Sphaerochaetaceae;g__Bullifex;s__Bullifex sp022788185
20000,0.003816793893129771,0.00510204081632653,0.0019083969465648854,0.0006693440428380187,1.0,1.0,0.0,/group/ctbrowngrp5/sourmash-db.new/gtdb-rs226/gtdb-rs226-k51.dna.rocksdb,GCA_945827755.1 uncultured Clostridia bacterium,4156a293b1ced94956b9a1817facce66,0.01020408163265306,10000,88,3480000,outputs.mapping/bams.cds.rand/ERR3211949.x.s__Fimisoma sp002320005.fastq.gz,ERR3211949.x.s__Fimisoma sp002320005,adfd3071,5240000,51,DNA,10000,524,True,0.8965661286132058,0.9140213736068583,0.9052937511100321,0.9140213736068583,True,1,1094,1494,d__Bacteria;p__Bacillota;c__Clostridia;o__Oscillospirales;f__Acutalibacteraceae;g__Fimenecus;s__Fimenecus sp004556705
10000,0.0019083969465648854,0.0048543689320388345,0.0019083969465648854,0.0006693440428380187,1.0,1.0,0.0,/group/ctbrowngrp5/sourmash-db.new/gtdb-rs226/gtdb-rs226-k51.dna.rocksdb,GCA_021769525.1 Oscillospiraceae bacterium,91c6adff67162c778bbba3c3bfb8a7ce,0.0048543689320388345,10000,89,3470000,outputs.mapping/bams.cds.rand/ERR3211949.x.s__Fimisoma sp002320005.fastq.gz,ERR3211949.x.s__Fimisoma sp002320005,adfd3071,5240000,51,DNA,10000,524,True,0.8844632220436789,0.900803478377785,0.892633350210732,0.900803478377785,True,1,1095,1494,d__Bacteria;p__Bacillota;c__Clostridia;o__Oscillospirales;f__Ruminococcaceae;g__Angelakisella;s__Angelakisella sp021769525
10000,0.0019083969465648854,0.008620689655172414,0.0019083969465648854,0.0006693440428380187,1.0,1.0,0.0,/group/ctbrowngrp5/sourmash-db.new/gtdb-rs226/gtdb-rs226-k51.dna.rocksdb,GCA_945829655.1 uncultured Clostridia bacterium,af3f28eba8cd3a2d6d05cf1a964cb0aa,0.008620689655172414,10000,90,3460000,outputs.mapping/bams.cds.rand/ERR3211949.x.s__Fimisoma sp002320005.fastq.gz,ERR3211949.x.s__Fimisoma sp002320005,adfd3071,5240000,51,DNA,10000,524,True,0.8844632220436789,0.9110043098748272,0.897733765959253,0.9110043098748272,True,1,1096,1494,d__Bacteria;p__Bacillota;c__Clostridia;o__Oscillospirales;f__Acutalibacteraceae;g__UBA737;s__UBA737 sp945875045
10000,0.0019083969465648854,0.006134969325153374,0.0019083969465648854,0.0006693440428380187,1.0,1.0,0.0,/group/ctbrowngrp5/sourmash-db.new/gtdb-rs226/gtdb-rs226-k51.dna.rocksdb,GCA_029100805.1 Eubacteriales bacterium,12fe8b6824e9dc3d7b4e2ca622c6e2f7,0.006134969325153374,10000,91,3450000,outputs.mapping/bams.cds.rand/ERR3211949.x.s__Fimisoma sp002320005.fastq.gz,ERR3211949.x.s__Fimisoma sp002320005,adfd3071,5240000,51,DNA,10000,524,True,0.8844632220436789,0.9049483082061326,0.8947057651249057,0.9049483082061326,True,1,1097,1494,d__Bacteria;p__Bacillota;c__Clostridia;o__Oscillospirales;f__Acutalibacteraceae;g__Eubacterium_R;s__Eubacterium_R sp945980375
10000,0.0019083969465648854,0.0044444444444444444,0.0019083969465648854,0.0013386880856760374,2.0,2.0,0.0,/group/ctbrowngrp5/sourmash-db.new/gtdb-rs226/gtdb-rs226-k51.dna.rocksdb,GCA_022770055.1 Lachnospiraceae bacterium,27aefc7879e18cb970a16685f1ff0a10,0.0044444444444444444,10000,92,3440000,outputs.mapping/bams.cds.rand/ERR3211949.x.s__Fimisoma sp002320005.fastq.gz,ERR3211949.x.s__Fimisoma sp002320005,adfd3071,5240000,51,DNA,10000,524,True,0.8844632220436789,0.8992465372686094,0.8918548796561441,0.8992465372686094,True,2,1099,1494,d__Bacteria;p__Bacillota;c__Clostridia;o__Lachnospirales;f__Lachnospiraceae;g__UBA2882;s__UBA2882 sp900317505
10000,0.0019083969465648854,0.0035211267605633804,0.0019083969465648854,0.0013386880856760374,2.0,2.0,0.0,/group/ctbrowngrp5/sourmash-db.new/gtdb-rs226/gtdb-rs226-k51.dna.rocksdb,GCF_018917435.1 Intestinibacter bartlettii,06a1e298df7ab81906158273d3a2b850,0.0035211267605633804,10000,93,3430000,outputs.mapping/bams.cds.rand/ERR3211949.x.s__Fimisoma sp002320005.fastq.gz,ERR3211949.x.s__Fimisoma sp002320005,adfd3071,5240000,51,DNA,10000,524,True,0.8844632220436789,0.8951497996982114,0.8898065108709452,0.8951497996982114,True,2,1101,1494,d__Bacteria;p__Bacillota;c__Clostridia;o__Peptostreptococcales;f__Peptostreptococcaceae;g__Intestinibacter;s__Intestinibacter bartlettii_A
10000,0.0019083969465648854,0.004366812227074236,0.0019083969465648854,0.0006693440428380187,1.0,1.0,0.0,/group/ctbrowngrp5/sourmash-db.new/gtdb-rs226/gtdb-rs226-k51.dna.rocksdb,GCA_034176335.1 Lachnospira sp.,bd05c1e2c7cdb2f8ebe5a222882e370a,0.004366812227074236,10000,94,3420000,outputs.mapping/bams.cds.rand/ERR3211949.x.s__Fimisoma sp002320005.fastq.gz,ERR3211949.x.s__Fimisoma sp002320005,adfd3071,5240000,51,DNA,10000,524,True,0.8844632220436789,0.8989358818428389,0.8916995519432589,0.8989358818428389,True,1,1102,1494,d__Bacteria;p__Bacillota;c__Clostridia;o__Lachnospirales;f__Lachnospiraceae;g__Lachnospira;s__Lachnospira sp945648485
10000,0.0019083969465648854,0.0045662100456621,0.0019083969465648854,0.0006693440428380187,1.0,1.0,0.0,/group/ctbrowngrp5/sourmash-db.new/gtdb-rs226/gtdb-rs226-k51.dna.rocksdb,GCA_034179075.1 Gemmiger sp.,b392fecd811e6bf6281e92286d8af2a5,0.0045662100456621,10000,95,3410000,outputs.mapping/bams.cds.rand/ERR3211949.x.s__Fimisoma sp002320005.fastq.gz,ERR3211949.x.s__Fimisoma sp002320005,adfd3071,5240000,51,DNA,10000,524,True,0.8844632220436789,0.8997232408336094,0.8920932314386442,0.8997232408336094,True,1,1103,1494,d__Bacteria;p__Bacillota;c__Clostridia;o__Oscillospirales;f__Ruminococcaceae;g__Gemmiger;s__Gemmiger variabilis_A
10000,0.0019083969465648854,0.006802721088435374,0.0019083969465648854,0.0006693440428380187,1.0,1.0,0.0,/group/ctbrowngrp5/sourmash-db.new/gtdb-rs226/gtdb-rs226-k51.dna.rocksdb,GCA_900552605.1 uncultured Oscillospiraceae bacterium,0f16e7dec7c1c9c8b87ce3efa93fb79a,0.006802721088435374,10000,96,3400000,outputs.mapping/bams.cds.rand/ERR3211949.x.s__Fimisoma sp002320005.fastq.gz,ERR3211949.x.s__Fimisoma sp002320005,adfd3071,5240000,51,DNA,10000,524,True,0.8844632220436789,0.906783442890104,0.8956233324668914,0.906783442890104,True,1,1104,1494,d__Bacteria;p__Bacillota;c__Clostridia;o__Oscillospirales;f__Acutalibacteraceae;g__UMGS1532;s__UMGS1532 sp900552605
10000,0.0019083969465648854,0.004608294930875576,0.0019083969465648854,0.0006693440428380187,1.0,1.0,0.0,/group/ctbrowngrp5/sourmash-db.new/gtdb-rs226/gtdb-rs226-k51.dna.rocksdb,GCA_004561455.1 bacterium,53ec677c015c1b83f30b1cf2b3f886a9,0.004608294930875576,10000,97,3390000,outputs.mapping/bams.cds.rand/ERR3211949.x.s__Fimisoma sp002320005.fastq.gz,ERR3211949.x.s__Fimisoma sp002320005,adfd3071,5240000,51,DNA,10000,524,True,0.8844632220436789,0.8998851063638268,0.8921741642037528,0.8998851063638268,True,1,1105,1494,d__Bacteria;p__Bacteroidota;c__Bacteroidia;o__Bacteroidales;f__Paludibacteraceae;g__Aphodosoma;s__Aphodosoma sp900769035
10000,0.0019083969465648854,0.002680965147453083,0.0019083969465648854,0.0006693440428380187,1.0,1.0,0.0,/group/ctbrowngrp5/sourmash-db.new/gtdb-rs226/gtdb-rs226-k51.dna.rocksdb,GCF_002302085.1 Clostridioides difficile,6dfacdab51d0b87d5c1d8e1f9a0819e2,0.002680965147453083,10000,98,3380000,outputs.mapping/bams.cds.rand/ERR3211949.x.s__Fimisoma sp002320005.fastq.gz,ERR3211949.x.s__Fimisoma sp002320005,adfd3071,5240000,51,DNA,10000,524,True,0.8844632220436789,0.8903778277520528,0.8874205248978658,0.8903778277520528,True,1,1106,1494,d__Bacteria;p__Bacillota;c__Clostridia;o__Peptostreptococcales;f__Peptostreptococcaceae;g__Clostridioides;s__Clostridioides difficile
20000,0.003816793893129771,0.007462686567164179,0.0019083969465648854,0.0006693440428380187,1.0,1.0,0.0,/group/ctbrowngrp5/sourmash-db.new/gtdb-rs226/gtdb-rs226-k51.dna.rocksdb,GCA_041336775.1 Faecalibacterium prausnitzii,70e9e52b75c7e8c6efa1c46278362f6e,0.014925373134328358,10000,99,3370000,outputs.mapping/bams.cds.rand/ERR3211949.x.s__Fimisoma sp002320005.fastq.gz,ERR3211949.x.s__Fimisoma sp002320005,adfd3071,5240000,51,DNA,10000,524,True,0.8965661286132058,0.9208621268632012,0.9087141277382036,0.9208621268632012,True,1,1107,1494,d__Bacteria;p__Bacillota;c__Clostridia;o__Oscillospirales;f__Ruminococcaceae;g__Faecalibacterium;s__Faecalibacterium prausnitzii_E
10000,0.0019083969465648854,0.005847953216374269,0.0019083969465648854,0.0006693440428380187,1.0,1.0,0.0,/group/ctbrowngrp5/sourmash-db.new/gtdb-rs226/gtdb-rs226-k51.dna.rocksdb,GCA_029219805.1 Coriobacteriaceae bacterium,3ebdf4e1b33e22fa104a3ecac7212b59,0.005847953216374269,10000,100,3360000,outputs.mapping/bams.cds.rand/ERR3211949.x.s__Fimisoma sp002320005.fastq.gz,ERR3211949.x.s__Fimisoma sp002320005,adfd3071,5240000,51,DNA,10000,524,True,0.8844632220436789,0.9040985288120411,0.89428087542786,0.9040985288120411,True,1,1108,1494,d__Bacteria;p__Actinomycetota;c__Coriobacteriia;o__Coriobacteriales;f__QAMH01;g__W2P13-069;s__W2P13-069 sp004553405
10000,0.0019083969465648854,0.004291845493562232,0.0019083969465648854,0.0006693440428380187,1.0,1.0,0.0,/group/ctbrowngrp5/sourmash-db.new/gtdb-rs226/gtdb-rs226-k51.dna.rocksdb,GCA_963618855.1 bacterium,b7f42c02f58e9a729836cefc2cda65c3,0.004291845493562232,10000,101,3350000,outputs.mapping/bams.cds.rand/ERR3211949.x.s__Fimisoma sp002320005.fastq.gz,ERR3211949.x.s__Fimisoma sp002320005,adfd3071,5240000,51,DNA,10000,524,True,0.8844632220436789,0.8986307105512661,0.8915469662974724,0.8986307105512661,True,1,1109,1494,d__Bacteria;p__Bacillota;c__Bacilli;o__RFN20;f__CAG-288;g__Enterosoma;s__Enterosoma sp963648975
10000,0.0019083969465648854,0.004672897196261682,0.0019083969465648854,0.0006693440428380187,1.0,1.0,0.0,/group/ctbrowngrp5/sourmash-db.new/gtdb-rs226/gtdb-rs226-k51.dna.rocksdb,GCA_029003925.1 Clostridia bacterium,06fe66bc992780a8289162a659cafb5a,0.004672897196261682,10000,102,3340000,outputs.mapping/bams.cds.rand/ERR3211949.x.s__Fimisoma sp002320005.fastq.gz,ERR3211949.x.s__Fimisoma sp002320005,adfd3071,5240000,51,DNA,10000,524,True,0.8844632220436789,0.9001307792101635,0.8922970006269212,0.9001307792101635,True,1,1110,1494,d__Bacteria;p__Bacillota;c__Clostridia;o__Oscillospirales;f__Butyricicoccaceae;g__UBA4644;s__UBA4644 sp900763355
10000,0.0019083969465648854,0.0044444444444444444,0.0019083969465648854,0.0013386880856760374,2.0,2.0,0.0,/group/ctbrowngrp5/sourmash-db.new/gtdb-rs226/gtdb-rs226-k51.dna.rocksdb,GCA_937989685.1 uncultured Prevotella sp.,a8e9194f48c1a5fd8ef1add8fae6b79c,0.0044444444444444444,10000,103,3330000,outputs.mapping/bams.cds.rand/ERR3211949.x.s__Fimisoma sp002320005.fastq.gz,ERR3211949.x.s__Fimisoma sp002320005,adfd3071,5240000,51,DNA,10000,524,True,0.8844632220436789,0.8992465372686094,0.8918548796561441,0.8992465372686094,True,2,1112,1494,d__Bacteria;p__Bacteroidota;c__Bacteroidia;o__Bacteroidales;f__Bacteroidaceae;g__Prevotella;s__Prevotella sp900771975
20000,0.003816793893129771,0.0038314176245210726,0.0019083969465648854,0.0006693440428380187,1.0,1.0,0.0,/group/ctbrowngrp5/sourmash-db.new/gtdb-rs226/gtdb-rs226-k51.dna.rocksdb,GCA_022787405.1 Bacillota bacterium,c434930ebfcc110ce818ba51905c9e2e,0.007662835249042145,10000,104,3320000,outputs.mapping/bams.cds.rand/ERR3211949.x.s__Fimisoma sp002320005.fastq.gz,ERR3211949.x.s__Fimisoma sp002320005,adfd3071,5240000,51,DNA,10000,524,True,0.8965661286132058,0.9089027992018329,0.9027344639075194,0.9089027992018329,True,1,1113,1494,d__Bacteria;p__Bacillota;c__Clostridia;o__Peptostreptococcales;f__Anaerovoracaceae;g__CAG-238;s__CAG-238 sp022787405
10000,0.0019083969465648854,0.004784688995215311,0.0019083969465648854,0.0006693440428380187,1.0,1.0,0.0,/group/ctbrowngrp5/sourmash-db.new/gtdb-rs226/gtdb-rs226-k51.dna.rocksdb,GCA_945636165.1 uncultured Lachnospiraceae bacterium,0235041542b773aaf2f4e4019fbbeac7,0.004784688995215311,10000,105,3310000,outputs.mapping/bams.cds.rand/ERR3211949.x.s__Fimisoma sp002320005.fastq.gz,ERR3211949.x.s__Fimisoma sp002320005,adfd3071,5240000,51,DNA,10000,524,True,0.8844632220436789,0.9005481441482567,0.8925056830959678,0.9005481441482567,True,1,1114,1494,d__Bacteria;p__Bacillota;c__Clostridia;o__Lachnospirales;f__Lachnospiraceae;g__CALZKI01;s__CALZKI01 sp945787995
10000,0.0019083969465648854,0.0035971223021582736,0.0019083969465648854,0.0006693440428380187,1.0,1.0,0.0,/group/ctbrowngrp5/sourmash-db.new/gtdb-rs226/gtdb-rs226-k51.dna.rocksdb,GCA_034099995.1 Blautia sp.,0a4199b463d6243c8c712ed01dc18db9,0.0035971223021582736,10000,106,3300000,outputs.mapping/bams.cds.rand/ERR3211949.x.s__Fimisoma sp002320005.fastq.gz,ERR3211949.x.s__Fimisoma sp002320005,adfd3071,5240000,51,DNA,10000,524,True,0.8844632220436789,0.895524667288616,0.8899939446661475,0.895524667288616,True,1,1115,1494,d__Bacteria;p__Bacillota;c__Clostridia;o__Lachnospirales;f__Lachnospiraceae;g__Blautia;s__Blautia sp022777285
30000,0.0057251908396946565,0.0047169811320754715,0.0019083969465648854,0.0006693440428380187,1.0,1.0,0.0,/group/ctbrowngrp5/sourmash-db.new/gtdb-rs226/gtdb-rs226-k51.dna.rocksdb,GCA_902474085.1 uncultured Oscillospiraceae bacterium,d59c6ce3fb66ff03596fd6578890aa85,0.014150943396226415,10000,107,3290000,outputs.mapping/bams.cds.rand/ERR3211949.x.s__Fimisoma sp002320005.fastq.gz,ERR3211949.x.s__Fimisoma sp002320005,adfd3071,5240000,51,DNA,10000,524,True,0.9037225048933111,0.9199005744767625,0.9118115396850368,0.9199005744767625,True,1,1116,1494,d__Bacteria;p__Bacillota;c__Clostridia;o__Oscillospirales;f__Acutalibacteraceae;g__UBA5905;s__UBA5905 sp002437905
10000,0.0019083969465648854,0.008547008547008548,0.0019083969465648854,0.0006693440428380187,1.0,1.0,0.0,/group/ctbrowngrp5/sourmash-db.new/gtdb-rs226/gtdb-rs226-k51.dna.rocksdb,GCA_900759875.1 Bacilli bacterium,5cfec10516ae6c5836422d97610536ab,0.008547008547008548,10000,108,3280000,outputs.mapping/bams.cds.rand/ERR3211949.x.s__Fimisoma sp002320005.fastq.gz,ERR3211949.x.s__Fimisoma sp002320005,adfd3071,5240000,51,DNA,10000,524,True,0.8844632220436789,0.9108509928265499,0.8976571074351144,0.9108509928265499,True,1,1117,1494,d__Bacteria;p__Bacillota;c__Bacilli;o__RF39;f__UBA660;g__RUG705;s__RUG705 sp900759875
10000,0.0019083969465648854,0.006289308176100629,0.0019083969465648854,0.0006693440428380187,1.0,1.0,0.0,/group/ctbrowngrp5/sourmash-db.new/gtdb-rs226/gtdb-rs226-k51.dna.rocksdb,GCA_034086705.1 Eubacteriales bacterium,89903deee54246dba13249b5a7a994ec,0.006289308176100629,10000,109,3270000,outputs.mapping/bams.cds.rand/ERR3211949.x.s__Fimisoma sp002320005.fastq.gz,ERR3211949.x.s__Fimisoma sp002320005,adfd3071,5240000,51,DNA,10000,524,True,0.8844632220436789,0.9053892851119669,0.8949262535778229,0.9053892851119669,True,1,1118,1494,d__Bacteria;p__Bacillota;c__Clostridia;o__Oscillospirales;f__CAG-272;g__UMGS1225;s__UMGS1225 sp034086705
10000,0.0019083969465648854,0.0045662100456621,0.0019083969465648854,0.0006693440428380187,1.0,1.0,0.0,/group/ctbrowngrp5/sourmash-db.new/gtdb-rs226/gtdb-rs226-k51.dna.rocksdb,GCA_945637225.1 uncultured Selenomonadaceae bacterium,6e767c7b5090613cfd7b86440b877585,0.0045662100456621,10000,110,3260000,outputs.mapping/bams.cds.rand/ERR3211949.x.s__Fimisoma sp002320005.fastq.gz,ERR3211949.x.s__Fimisoma sp002320005,adfd3071,5240000,51,DNA,10000,524,True,0.8844632220436789,0.8997232408336094,0.8920932314386442,0.8997232408336094,True,1,1119,1494,d__Bacteria;p__Bacillota;c__Negativicutes;o__Selenomonadales;f__Selenomonadaceae;g__CAMCDL01;s__CAMCDL01 sp945637225
10000,0.0019083969465648854,0.0035842293906810036,0.0019083969465648854,0.0006693440428380187,1.0,1.0,0.0,/group/ctbrowngrp5/sourmash-db.new/gtdb-rs226/gtdb-rs226-k51.dna.rocksdb,GCA_944382735.1 Candidatus Fournierella merdavium,1b37bc104ae0732fce8a1dab24a82cf4,0.0035842293906810036,10000,111,3250000,outputs.mapping/bams.cds.rand/ERR3211949.x.s__Fimisoma sp002320005.fastq.gz,ERR3211949.x.s__Fimisoma sp002320005,adfd3071,5240000,51,DNA,10000,524,True,0.8844632220436789,0.8954616198633102,0.8899624209534945,0.8954616198633102,True,1,1120,1494,d__Bacteria;p__Bacillota;c__Clostridia;o__Oscillospirales;f__Ruminococcaceae;g__Fournierella;s__Fournierella merdavium
10000,0.0019083969465648854,0.006578947368421052,0.0019083969465648854,0.0006693440428380187,1.0,1.0,0.0,/group/ctbrowngrp5/sourmash-db.new/gtdb-rs226/gtdb-rs226-k51.dna.rocksdb,GCA_016302545.1 Bacillota bacterium,a5ef0c9e01d4d67d86011e0553cf8dbe,0.006578947368421052,10000,112,3240000,outputs.mapping/bams.cds.rand/ERR3211949.x.s__Fimisoma sp002320005.fastq.gz,ERR3211949.x.s__Fimisoma sp002320005,adfd3071,5240000,51,DNA,10000,524,True,0.8844632220436789,0.9061889313384778,0.8953260766910783,0.9061889313384778,True,1,1121,1494,d__Bacteria;p__Bacillota;c__Clostridia;o__Peptostreptococcales;f__Anaerovoracaceae;g__CAG-238;s__CAG-238 sp016302545
30000,0.0057251908396946565,0.0030864197530864196,0.0019083969465648854,0.0006693440428380187,1.0,1.0,0.0,/group/ctbrowngrp5/sourmash-db.new/gtdb-rs226/gtdb-rs226-k51.dna.rocksdb,GCA_034115705.1 Lachnospiraceae bacterium,5164d208e4d209cf107bbe1e3bd2ae80,0.009259259259259259,10000,113,3230000,outputs.mapping/bams.cds.rand/ERR3211949.x.s__Fimisoma sp002320005.fastq.gz,ERR3211949.x.s__Fimisoma sp002320005,adfd3071,5240000,51,DNA,10000,524,True,0.9037225048933111,0.9122816638494313,0.9080020843713712,0.9122816638494313,True,1,1122,1494,d__Bacteria;p__Bacillota;c__Clostridia;o__Lachnospirales;f__Lachnospiraceae;g__JALFVM01;s__JALFVM01 sp022787145
10000,0.0019083969465648854,0.005847953216374269,0.0019083969465648854,0.0006693440428380187,1.0,1.0,0.0,/group/ctbrowngrp5/sourmash-db.new/gtdb-rs226/gtdb-rs226-k51.dna.rocksdb,GCA_947624345.1 uncultured Clostridia bacterium,c997b8d5bfe0ee9078770e4207b878a1,0.005847953216374269,10000,114,3220000,outputs.mapping/bams.cds.rand/ERR3211949.x.s__Fimisoma sp002320005.fastq.gz,ERR3211949.x.s__Fimisoma sp002320005,adfd3071,5240000,51,DNA,10000,524,True,0.8844632220436789,0.9040985288120411,0.89428087542786,0.9040985288120411,True,1,1123,1494,d__Bacteria;p__Bacillota;c__Clostridia;o__Oscillospirales;f__Ruminococcaceae;g__UMGS1601;s__UMGS1601 sp947624345
10000,0.0019083969465648854,0.0045662100456621,0.0019083969465648854,0.0006693440428380187,1.0,1.0,0.0,/group/ctbrowngrp5/sourmash-db.new/gtdb-rs226/gtdb-rs226-k51.dna.rocksdb,GCA_036837095.1 Clostridiales bacterium,f888bbcf67c219f11c3c4a6cc38dd96a,0.0045662100456621,10000,115,3210000,outputs.mapping/bams.cds.rand/ERR3211949.x.s__Fimisoma sp002320005.fastq.gz,ERR3211949.x.s__Fimisoma sp002320005,adfd3071,5240000,51,DNA,10000,524,True,0.8844632220436789,0.8997232408336094,0.8920932314386442,0.8997232408336094,True,1,1124,1494,d__Bacteria;p__Bacillota;c__Clostridia;o__Oscillospirales;f__Acutalibacteraceae;g__Ruminococcoides;s__Ruminococcoides bromii
10000,0.0019083969465648854,0.003484320557491289,0.0019083969465648854,0.0006693440428380187,1.0,1.0,0.0,/group/ctbrowngrp5/sourmash-db.new/gtdb-rs226/gtdb-rs226-k51.dna.rocksdb,GCA_945830505.1 uncultured Clostridia bacterium,15e12f3e219cd71609bbc435637dc6c0,0.003484320557491289,10000,116,3200000,outputs.mapping/bams.cds.rand/ERR3211949.x.s__Fimisoma sp002320005.fastq.gz,ERR3211949.x.s__Fimisoma sp002320005,adfd3071,5240000,51,DNA,10000,524,True,0.8844632220436789,0.8949653831278861,0.8897143025857825,0.8949653831278861,True,1,1125,1494,d__Bacteria;p__Bacillota;c__Clostridia;o__Oscillospirales;f__Oscillospiraceae;g__Faecousia;s__Faecousia sp945875335
10000,0.0019083969465648854,0.0031446540880503146,0.0019083969465648854,0.0013386880856760374,2.0,2.0,0.0,/group/ctbrowngrp5/sourmash-db.new/gtdb-rs226/gtdb-rs226-k51.dna.rocksdb,GCA_945864145.1 uncultured Lachnospiraceae bacterium,00d9152a834a03de274d3ff6eb4175b0,0.0031446540880503146,10000,117,3190000,outputs.mapping/bams.cds.rand/ERR3211949.x.s__Fimisoma sp002320005.fastq.gz,ERR3211949.x.s__Fimisoma sp002320005,adfd3071,5240000,51,DNA,10000,524,True,0.8844632220436789,0.8931672731743641,0.8888152476090214,0.8931672731743641,True,2,1127,1494,d__Bacteria;p__Bacillota;c__Clostridia;o__Lachnospirales;f__Lachnospiraceae;g__COE1;s__COE1 sp945864145
10000,0.0019083969465648854,0.004807692307692308,0.0019083969465648854,0.0006693440428380187,1.0,1.0,0.0,/group/ctbrowngrp5/sourmash-db.new/gtdb-rs226/gtdb-rs226-k51.dna.rocksdb,GCA_029218765.1 Oscillospiraceae bacterium,09c8ecef37c84b778546205a8e23a4a4,0.004807692307692308,10000,118,3180000,outputs.mapping/bams.cds.rand/ERR3211949.x.s__Fimisoma sp002320005.fastq.gz,ERR3211949.x.s__Fimisoma sp002320005,adfd3071,5240000,51,DNA,10000,524,True,0.8844632220436789,0.9006328380135685,0.8925480300286237,0.9006328380135685,True,1,1128,1494,d__Bacteria;p__Bacillota;c__Clostridia;o__Oscillospirales;f__Oscillospiraceae;g__Faecousia;s__Faecousia sp017622995
50000,0.009541984732824428,0.0037313432835820895,0.0019083969465648854,0.0013386880856760374,2.0,2.0,0.0,/group/ctbrowngrp5/sourmash-db.new/gtdb-rs226/gtdb-rs226-k51.dna.rocksdb,GCA_021531315.1 Oscillibacter valericigenes,e3a0adb3601c06005d2da86cf1a2b756,0.018656716417910446,10000,119,3170000,outputs.mapping/bams.cds.rand/ERR3211949.x.s__Fimisoma sp002320005.fastq.gz,ERR3211949.x.s__Fimisoma sp002320005,adfd3071,5240000,51,DNA,10000,524,True,0.912819844313394,0.9249000609063228,0.9188599526098584,0.9249000609063228,True,2,1130,1494,d__Bacteria;p__Bacillota;c__Clostridia;o__Oscillospirales;f__Oscillospiraceae;g__Hominicoprocola;s__Hominicoprocola sp900552375
30000,0.0057251908396946565,0.0033783783783783786,0.0019083969465648854,0.0006693440428380187,1.0,1.0,0.0,/group/ctbrowngrp5/sourmash-db.new/gtdb-rs226/gtdb-rs226-k51.dna.rocksdb,GCA_946574145.1 uncultured Lachnoclostridium sp.,42f5c9952377b213a5e741e48faad460,0.010135135135135136,10000,120,3160000,outputs.mapping/bams.cds.rand/ERR3211949.x.s__Fimisoma sp002320005.fastq.gz,ERR3211949.x.s__Fimisoma sp002320005,adfd3071,5240000,51,DNA,10000,524,True,0.9037225048933111,0.9138998762157851,0.9088111905545481,0.9138998762157851,True,1,1131,1494,d__Bacteria;p__Bacillota;c__Clostridia;o__Lachnospirales;f__Lachnospiraceae;g__Hominiventricola;s__Hominiventricola avistercoris
10000,0.0019083969465648854,0.008403361344537815,0.0019083969465648854,0.0013386880856760374,2.0,2.0,0.0,/group/ctbrowngrp5/sourmash-db.new/gtdb-rs226/gtdb-rs226-k51.dna.rocksdb,GCA_945217955.1 uncultured Erysipelotrichaceae bacterium,2b8477e042fee0a8c39e64b02ef94dc6,0.008403361344537815,10000,121,3150000,outputs.mapping/bams.cds.rand/ERR3211949.x.s__Fimisoma sp002320005.fastq.gz,ERR3211949.x.s__Fimisoma sp002320005,adfd3071,5240000,51,DNA,10000,524,True,0.8844632220436789,0.9105483270059616,0.8975057745248203,0.9105483270059616,True,2,1133,1494,d__Bacteria;p__Bacillota;c__Bacilli;o__Erysipelotrichales;f__Erysipelotrichaceae;g__UBA1783;s__UBA1783 sp016302195
10000,0.0019083969465648854,0.003937007874015748,0.0019083969465648854,0.0006693440428380187,1.0,1.0,0.0,/group/ctbrowngrp5/sourmash-db.new/gtdb-rs226/gtdb-rs226-k51.dna.rocksdb,GCA_035712345.1 Solirubrobacterales bacterium,6ed58d8675a8ca97a88872ff29b4d001,0.003937007874015748,10000,122,3140000,outputs.mapping/bams.cds.rand/ERR3211949.x.s__Fimisoma sp002320005.fastq.gz,ERR3211949.x.s__Fimisoma sp002320005,adfd3071,5240000,51,DNA,10000,524,True,0.8844632220436789,0.8971114459123445,0.8907873339780117,0.8971114459123445,True,1,1134,1494,d__Bacteria;p__Actinomycetota;c__Thermoleophilia;o__Solirubrobacterales;f__70-9;g__VRUE01;s__VRUE01 sp035712345
10000,0.0019083969465648854,0.003355704697986577,0.0019083969465648854,0.0006693440428380187,1.0,1.0,0.0,/group/ctbrowngrp5/sourmash-db.new/gtdb-rs226/gtdb-rs226-k51.dna.rocksdb,GCF_934385445.1 uncultured Eubacterium sp.,01db77a4ac6d6fd5c14846b3db09f2db,0.003355704697986577,10000,123,3130000,outputs.mapping/bams.cds.rand/ERR3211949.x.s__Fimisoma sp002320005.fastq.gz,ERR3211949.x.s__Fimisoma sp002320005,adfd3071,5240000,51,DNA,10000,524,True,0.8844632220436789,0.8943056110421093,0.8893844165428941,0.8943056110421093,True,1,1135,1494,d__Bacteria;p__Bacillota;c__Clostridia;o__Lachnospirales;f__Lachnospiraceae;g__Eubacterium_G;s__Eubacterium_G ventriosum
10000,0.0019083969465648854,0.006666666666666667,0.0019083969465648854,0.0013386880856760374,2.0,2.0,0.0,/group/ctbrowngrp5/sourmash-db.new/gtdb-rs226/gtdb-rs226-k51.dna.rocksdb,GCA_934182465.1 uncultured Clostridia bacterium,8ed994ca515775e1840737e77754646a,0.006666666666666667,10000,124,3120000,outputs.mapping/bams.cds.rand/ERR3211949.x.s__Fimisoma sp002320005.fastq.gz,ERR3211949.x.s__Fimisoma sp002320005,adfd3071,5240000,51,DNA,10000,524,True,0.8844632220436789,0.9064243085270774,0.8954437652853782,0.9064243085270774,True,2,1137,1494,d__Bacteria;p__Bacillota;c__Clostridia;o__TANB77;f__CAG-508;g__Scatovivens;s__Scatovivens sp934182465
10000,0.0019083969465648854,0.0043859649122807015,0.0019083969465648854,0.0013386880856760374,2.0,2.0,0.0,/group/ctbrowngrp5/sourmash-db.new/gtdb-rs226/gtdb-rs226-k51.dna.rocksdb,GCA_902802515.1 uncultured Lachnospiraceae bacterium,ba67ce117a77759cb10862507a360c66,0.0043859649122807015,10000,125,3110000,outputs.mapping/bams.cds.rand/ERR3211949.x.s__Fimisoma sp002320005.fastq.gz,ERR3211949.x.s__Fimisoma sp002320005,adfd3071,5240000,51,DNA,10000,524,True,0.8844632220436789,0.8990130239792933,0.891738123011486,0.8990130239792933,True,2,1139,1494,d__Bacteria;p__Bacillota;c__Clostridia;o__Lachnospirales;f__Lachnospiraceae;g__Merdiplasma;s__Merdiplasma sp902802515
