# SOURMASH-MANIFEST-VERSION: 1.0
internal_location,md5,md5short,ksize,moltype,num,scaled,n_hashes,with_abundance,name,filename
signatures/019d4b83b9849453d1f8f79094f50506.sig.gz,019d4b83b9849453d1f8f79094f50506,019d4b83,21,DNA,0,1000,19922,0,s__Cryptobacteroides sp900546925,genomes/s__Cryptobacteroides sp900546925.pangenome.fa.gz
signatures/ea96fee112f744adbe0ed5e1c4980411.sig.gz,ea96fee112f744adbe0ed5e1c4980411,ea96fee1,31,DNA,0,1000,22680,0,s__Cryptobacteroides sp900546925,genomes/s__Cryptobacteroides sp900546925.pangenome.fa.gz
signatures/cfc812d032a5d7b49a01bf8fee617759.sig.gz,cfc812d032a5d7b49a01bf8fee617759,cfc812d0,51,DNA,0,1000,27498,0,s__Cryptobacteroides sp900546925,genomes/s__Cryptobacteroides sp900546925.pangenome.fa.gz
