# SOURMASH-MANIFEST-VERSION: 1.0
internal_location,md5,md5short,ksize,moltype,num,scaled,n_hashes,with_abundance,name,filename
signatures/0f8b060a18e3398ef0d9569c8a2a751a.sig.gz,0f8b060a18e3398ef0d9569c8a2a751a,0f8b060a,21,DNA,0,1000,16709,0,s__JALFVM01 sp022787145,outputs.mapping/cds/s__JALFVM01 sp022787145.cds.fa.gz
signatures/46b531ab88a989187b0aba1b620ee65a.sig.gz,46b531ab88a989187b0aba1b620ee65a,46b531ab,31,DNA,0,1000,17108,0,s__JALFVM01 sp022787145,outputs.mapping/cds/s__JALFVM01 sp022787145.cds.fa.gz
signatures/22cd063e7052f72193565bf91ee46f09.sig.gz,22cd063e7052f72193565bf91ee46f09,22cd063e,51,DNA,0,1000,17526,0,s__JALFVM01 sp022787145,outputs.mapping/cds/s__JALFVM01 sp022787145.cds.fa.gz
