# SOURMASH-MANIFEST-VERSION: 1.0
internal_location,md5,md5short,ksize,moltype,num,scaled,n_hashes,with_abundance,name,filename
signatures/a5ee9bb6bb90af6c57343c106c7b424c.sig.gz,a5ee9bb6bb90af6c57343c106c7b424c,a5ee9bb6,21,DNA,0,1000,21621,0,s__Phascolarctobacterium_A succinatutens,outputs.mapping/cds/s__Phascolarctobacterium_A succinatutens.cds.fa.gz
signatures/70cf9634c009e474c82d8deadc3609e1.sig.gz,70cf9634c009e474c82d8deadc3609e1,70cf9634,31,DNA,0,1000,27397,0,s__Phascolarctobacterium_A succinatutens,outputs.mapping/cds/s__Phascolarctobacterium_A succinatutens.cds.fa.gz
signatures/0e4c5b08de0a21070b68767e19f3b25d.sig.gz,0e4c5b08de0a21070b68767e19f3b25d,0e4c5b08,51,DNA,0,1000,38748,0,s__Phascolarctobacterium_A succinatutens,outputs.mapping/cds/s__Phascolarctobacterium_A succinatutens.cds.fa.gz
