# SOURMASH-MANIFEST-VERSION: 1.0
internal_location,md5,md5short,ksize,moltype,num,scaled,n_hashes,with_abundance,name,filename
signatures/1219434a9c3678f24c8b92ff926de647.sig.gz,1219434a9c3678f24c8b92ff926de647,1219434a,21,DNA,0,1000,5888,0,s__Fimisoma sp002320005,outputs.mapping/cds/s__Fimisoma sp002320005.cds.fa.gz
signatures/d03b31faf42369b5f7b0ba868fdab48e.sig.gz,d03b31faf42369b5f7b0ba868fdab48e,d03b31fa,31,DNA,0,1000,6120,0,s__Fimisoma sp002320005,outputs.mapping/cds/s__Fimisoma sp002320005.cds.fa.gz
signatures/04324b14f5e9c71661564f3cbf88296b.sig.gz,04324b14f5e9c71661564f3cbf88296b,04324b14,51,DNA,0,1000,6715,0,s__Fimisoma sp002320005,outputs.mapping/cds/s__Fimisoma sp002320005.cds.fa.gz
