# SOURMASH-MANIFEST-VERSION: 1.0
internal_location,md5,md5short,ksize,moltype,num,scaled,n_hashes,with_abundance,name,filename
signatures/6fff345fd906b14cb5926e4887fb3353.sig.gz,6fff345fd906b14cb5926e4887fb3353,6fff345f,21,DNA,0,1000,35515,0,s__Roseburia inulinivorans,outputs.mapping/cds/s__Roseburia inulinivorans.cds.fa.gz
signatures/5a2829d4ea021cd9f4bb1a79689735ef.sig.gz,5a2829d4ea021cd9f4bb1a79689735ef,5a2829d4,31,DNA,0,1000,39489,0,s__Roseburia inulinivorans,outputs.mapping/cds/s__Roseburia inulinivorans.cds.fa.gz
signatures/5a3c05a21dc942e9cb12a1aaf28d47f9.sig.gz,5a3c05a21dc942e9cb12a1aaf28d47f9,5a3c05a2,51,DNA,0,1000,46266,0,s__Roseburia inulinivorans,outputs.mapping/cds/s__Roseburia inulinivorans.cds.fa.gz
