# SOURMASH-MANIFEST-VERSION: 1.0
internal_location,md5,md5short,ksize,moltype,num,scaled,n_hashes,with_abundance,name,filename
signatures/0e04819b189f1d92c2c4df07942736d6.sig.gz,0e04819b189f1d92c2c4df07942736d6,0e04819b,21,DNA,0,1000,43186,0,s__Roseburia inulinivorans,genomes/s__Roseburia inulinivorans.pangenome.fa.gz
signatures/d1b9301ffab815cf9a611c8e3b50fdd5.sig.gz,d1b9301ffab815cf9a611c8e3b50fdd5,d1b9301f,31,DNA,0,1000,48501,0,s__Roseburia inulinivorans,genomes/s__Roseburia inulinivorans.pangenome.fa.gz
signatures/4eec82a87ac3ac71d070a813aeb4c492.sig.gz,4eec82a87ac3ac71d070a813aeb4c492,4eec82a8,51,DNA,0,1000,58458,0,s__Roseburia inulinivorans,genomes/s__Roseburia inulinivorans.pangenome.fa.gz
