# SOURMASH-MANIFEST-VERSION: 1.0
internal_location,md5,md5short,ksize,moltype,num,scaled,n_hashes,with_abundance,name,filename
signatures/661a6da58f23f1f536604b0f4888f117.sig.gz,661a6da58f23f1f536604b0f4888f117,661a6da5,21,DNA,0,1000,123550,0,s__Phocaeicola vulgatus,genomes/s__Phocaeicola vulgatus.pangenome.fa.gz
signatures/482ff84f1e32592f7fa996be81edc54e.sig.gz,482ff84f1e32592f7fa996be81edc54e,482ff84f,31,DNA,0,1000,135286,0,s__Phocaeicola vulgatus,genomes/s__Phocaeicola vulgatus.pangenome.fa.gz
signatures/866038a1c2f664a49349f3db93699eb5.sig.gz,866038a1c2f664a49349f3db93699eb5,866038a1,51,DNA,0,1000,154419,0,s__Phocaeicola vulgatus,genomes/s__Phocaeicola vulgatus.pangenome.fa.gz
