# SOURMASH-MANIFEST-VERSION: 1.0
internal_location,md5,md5short,ksize,moltype,num,scaled,n_hashes,with_abundance,name,filename
signatures/8f9ff4d1f8932e1b77a5cdedd08030f7.sig.gz,8f9ff4d1f8932e1b77a5cdedd08030f7,8f9ff4d1,21,DNA,0,1000,25211,0,s__Lactobacillus amylovorus,genomes/s__Lactobacillus amylovorus.pangenome.fa.gz
signatures/f4437b27572c1c9034ad33bd7a003e45.sig.gz,f4437b27572c1c9034ad33bd7a003e45,f4437b27,31,DNA,0,1000,28018,0,s__Lactobacillus amylovorus,genomes/s__Lactobacillus amylovorus.pangenome.fa.gz
signatures/2061dbe9a1539fa1dd4b552344120e62.sig.gz,2061dbe9a1539fa1dd4b552344120e62,2061dbe9,51,DNA,0,1000,32047,0,s__Lactobacillus amylovorus,genomes/s__Lactobacillus amylovorus.pangenome.fa.gz
