# SOURMASH-MANIFEST-VERSION: 1.0
internal_location,md5,md5short,ksize,moltype,num,scaled,n_hashes,with_abundance,name,filename
signatures/52189f883ff38011f21fae235e4bd6bf.sig.gz,52189f883ff38011f21fae235e4bd6bf,52189f88,21,DNA,0,1000,27561,0,s__Prevotella sp000434975,genomes/s__Prevotella sp000434975.pangenome.fa.gz
signatures/492c2861c63a5b3ef2cd612ca6abaf5e.sig.gz,492c2861c63a5b3ef2cd612ca6abaf5e,492c2861,31,DNA,0,1000,34713,0,s__Prevotella sp000434975,genomes/s__Prevotella sp000434975.pangenome.fa.gz
signatures/4b586f18ae7839c859bbc39667597d77.sig.gz,4b586f18ae7839c859bbc39667597d77,4b586f18,51,DNA,0,1000,47969,0,s__Prevotella sp000434975,genomes/s__Prevotella sp000434975.pangenome.fa.gz
