# SOURMASH-MANIFEST-VERSION: 1.0
internal_location,md5,md5short,ksize,moltype,num,scaled,n_hashes,with_abundance,name,filename
signatures/026b9a96b6dd38db3f88aafec021aa52.sig.gz,026b9a96b6dd38db3f88aafec021aa52,026b9a96,21,DNA,0,1000,21745,0,s__Bariatricus sp004560705,genomes/s__Bariatricus sp004560705.pangenome.fa.gz
signatures/fbfce4e7a778f2fe95041ed19c7a648a.sig.gz,fbfce4e7a778f2fe95041ed19c7a648a,fbfce4e7,31,DNA,0,1000,22826,0,s__Bariatricus sp004560705,genomes/s__Bariatricus sp004560705.pangenome.fa.gz
signatures/ac8fdce285a822fbed2ae2996012c32b.sig.gz,ac8fdce285a822fbed2ae2996012c32b,ac8fdce2,51,DNA,0,1000,24192,0,s__Bariatricus sp004560705,genomes/s__Bariatricus sp004560705.pangenome.fa.gz
