# SOURMASH-MANIFEST-VERSION: 1.0
internal_location,md5,md5short,ksize,moltype,num,scaled,n_hashes,with_abundance,name,filename
signatures/b8ef363d88688eb58a096e4ce3a8edad.sig.gz,b8ef363d88688eb58a096e4ce3a8edad,b8ef363d,21,DNA,0,1000,9707,0,s__Holdemanella porci,outputs.mapping/cds/s__Holdemanella porci.cds.fa.gz
signatures/876d90c1745371dd0fffd5bb93ade60d.sig.gz,876d90c1745371dd0fffd5bb93ade60d,876d90c1,31,DNA,0,1000,10705,0,s__Holdemanella porci,outputs.mapping/cds/s__Holdemanella porci.cds.fa.gz
signatures/25e3e1bdacceeebb5df7b03fab4f5f3e.sig.gz,25e3e1bdacceeebb5df7b03fab4f5f3e,25e3e1bd,51,DNA,0,1000,12100,0,s__Holdemanella porci,outputs.mapping/cds/s__Holdemanella porci.cds.fa.gz
