# SOURMASH-MANIFEST-VERSION: 1.0
internal_location,md5,md5short,ksize,moltype,num,scaled,n_hashes,with_abundance,name,filename
signatures/3f54076eebf651634559c07e5c21c388.sig.gz,3f54076eebf651634559c07e5c21c388,3f54076e,21,DNA,0,1000,22620,0,s__UBA2868 sp004552595,genomes/s__UBA2868 sp004552595.pangenome.fa.gz
signatures/febdd19c4cb24ac1e952ddadf92f3795.sig.gz,febdd19c4cb24ac1e952ddadf92f3795,febdd19c,31,DNA,0,1000,24695,0,s__UBA2868 sp004552595,genomes/s__UBA2868 sp004552595.pangenome.fa.gz
signatures/0eb0c19a19cf1bedcc1101059d864f5c.sig.gz,0eb0c19a19cf1bedcc1101059d864f5c,0eb0c19a,51,DNA,0,1000,28412,0,s__UBA2868 sp004552595,genomes/s__UBA2868 sp004552595.pangenome.fa.gz
