# SOURMASH-MANIFEST-VERSION: 1.0
internal_location,md5,md5short,ksize,moltype,num,scaled,n_hashes,with_abundance,name,filename
signatures/e4826c35da131ad4ee37c02ba08d02a9.sig.gz,e4826c35da131ad4ee37c02ba08d02a9,e4826c35,21,DNA,0,1000,22501,0,s__Prevotella sp000434975,outputs.mapping/cds/s__Prevotella sp000434975.cds.fa.gz
signatures/617f9d6dd7846f75e3bb312f89af3bfc.sig.gz,617f9d6dd7846f75e3bb312f89af3bfc,617f9d6d,31,DNA,0,1000,27735,0,s__Prevotella sp000434975,outputs.mapping/cds/s__Prevotella sp000434975.cds.fa.gz
signatures/8d0bf680ee6bd7b36d17fc6bb2b2f403.sig.gz,8d0bf680ee6bd7b36d17fc6bb2b2f403,8d0bf680,51,DNA,0,1000,37021,0,s__Prevotella sp000434975,outputs.mapping/cds/s__Prevotella sp000434975.cds.fa.gz
