# SOURMASH-MANIFEST-VERSION: 1.0
internal_location,md5,md5short,ksize,moltype,num,scaled,n_hashes,with_abundance,name,filename
signatures/ba66cab37b3e45f22be179b8cd67271a.sig.gz,ba66cab37b3e45f22be179b8cd67271a,ba66cab3,21,DNA,0,1000,19578,0,s__Lactobacillus amylovorus,outputs.mapping/cds/s__Lactobacillus amylovorus.cds.fa.gz
signatures/1c6d3b394c12c9f1f95d2edcb31006e1.sig.gz,1c6d3b394c12c9f1f95d2edcb31006e1,1c6d3b39,31,DNA,0,1000,21372,0,s__Lactobacillus amylovorus,outputs.mapping/cds/s__Lactobacillus amylovorus.cds.fa.gz
signatures/b0f932399058fb79f2afd79e4e855a0e.sig.gz,b0f932399058fb79f2afd79e4e855a0e,b0f93239,51,DNA,0,1000,23521,0,s__Lactobacillus amylovorus,outputs.mapping/cds/s__Lactobacillus amylovorus.cds.fa.gz
