# SOURMASH-MANIFEST-VERSION: 1.0
internal_location,md5,md5short,ksize,moltype,num,scaled,n_hashes,with_abundance,name,filename
signatures/b9c2cb6af9a6e849b7384b64b128effe.sig.gz,b9c2cb6af9a6e849b7384b64b128effe,b9c2cb6a,21,DNA,0,1000,11993,0,s__Mogibacterium_A kristiansenii,outputs.mapping/cds/s__Mogibacterium_A kristiansenii.cds.fa.gz
signatures/d78c4053359f663a1616dc532d67f973.sig.gz,d78c4053359f663a1616dc532d67f973,d78c4053,31,DNA,0,1000,14087,0,s__Mogibacterium_A kristiansenii,outputs.mapping/cds/s__Mogibacterium_A kristiansenii.cds.fa.gz
signatures/fd86da1492ffb73f805c5ce7a6552034.sig.gz,fd86da1492ffb73f805c5ce7a6552034,fd86da14,51,DNA,0,1000,17617,0,s__Mogibacterium_A kristiansenii,outputs.mapping/cds/s__Mogibacterium_A kristiansenii.cds.fa.gz
