# SOURMASH-MANIFEST-VERSION: 1.0
internal_location,md5,md5short,ksize,moltype,num,scaled,n_hashes,with_abundance,name,filename
signatures/f567db67d06968c7ee13696d80a9fca4.sig.gz,f567db67d06968c7ee13696d80a9fca4,f567db67,21,DNA,0,1000,37714,0,s__Gemmiger qucibialis,genomes/s__Gemmiger qucibialis.pangenome.fa.gz
signatures/3e1609e3424ae55ff202b388faea9d90.sig.gz,3e1609e3424ae55ff202b388faea9d90,3e1609e3,31,DNA,0,1000,45438,0,s__Gemmiger qucibialis,genomes/s__Gemmiger qucibialis.pangenome.fa.gz
signatures/13cf7ad0d517d9133d6550b2bc3154ce.sig.gz,13cf7ad0d517d9133d6550b2bc3154ce,13cf7ad0,51,DNA,0,1000,60507,0,s__Gemmiger qucibialis,genomes/s__Gemmiger qucibialis.pangenome.fa.gz
