# SOURMASH-MANIFEST-VERSION: 1.0
internal_location,md5,md5short,ksize,moltype,num,scaled,n_hashes,with_abundance,name,filename
signatures/edb213ee427e8ddeb8eede12fa7bb12f.sig.gz,edb213ee427e8ddeb8eede12fa7bb12f,edb213ee,21,DNA,0,1000,26341,0,s__Phascolarctobacterium_A succinatutens,genomes/s__Phascolarctobacterium_A succinatutens.pangenome.fa.gz
signatures/0dc682746b5ff730ff630f841e6050e5.sig.gz,0dc682746b5ff730ff630f841e6050e5,0dc68274,31,DNA,0,1000,33623,0,s__Phascolarctobacterium_A succinatutens,genomes/s__Phascolarctobacterium_A succinatutens.pangenome.fa.gz
signatures/0e96140a7ae6effda1f4eac2b93afcd0.sig.gz,0e96140a7ae6effda1f4eac2b93afcd0,0e96140a,51,DNA,0,1000,48187,0,s__Phascolarctobacterium_A succinatutens,genomes/s__Phascolarctobacterium_A succinatutens.pangenome.fa.gz
