# SOURMASH-MANIFEST-VERSION: 1.0
internal_location,md5,md5short,ksize,moltype,num,scaled,n_hashes,with_abundance,name,filename
signatures/edbb8279c22210fd8d9ee8216c2fa250.sig.gz,edbb8279c22210fd8d9ee8216c2fa250,edbb8279,21,DNA,0,1000,16031,0,s__Butyricicoccus_A intestinisimiae,genomes/s__Butyricicoccus_A intestinisimiae.pangenome.fa.gz
signatures/f8589cb9f23d952317350c7ac7bb68a1.sig.gz,f8589cb9f23d952317350c7ac7bb68a1,f8589cb9,31,DNA,0,1000,18281,0,s__Butyricicoccus_A intestinisimiae,genomes/s__Butyricicoccus_A intestinisimiae.pangenome.fa.gz
signatures/fd107a979cbdad9fbeb84bdd7a104131.sig.gz,fd107a979cbdad9fbeb84bdd7a104131,fd107a97,51,DNA,0,1000,22617,0,s__Butyricicoccus_A intestinisimiae,genomes/s__Butyricicoccus_A intestinisimiae.pangenome.fa.gz
