# SOURMASH-MANIFEST-VERSION: 1.0
internal_location,md5,md5short,ksize,moltype,num,scaled,n_hashes,with_abundance,name,filename
signatures/661f4413482df3d69f3e051dc58f28af.sig.gz,661f4413482df3d69f3e051dc58f28af,661f4413,21,DNA,0,1000,20897,0,s__JALFVM01 sp022787145,genomes/s__JALFVM01 sp022787145.pangenome.fa.gz
signatures/610a2849f39d81d6ce2fc50c65f470ae.sig.gz,610a2849f39d81d6ce2fc50c65f470ae,610a2849,31,DNA,0,1000,21780,0,s__JALFVM01 sp022787145,genomes/s__JALFVM01 sp022787145.pangenome.fa.gz
signatures/dae3d963af685c5e0c67f73369b828a5.sig.gz,dae3d963af685c5e0c67f73369b828a5,dae3d963,51,DNA,0,1000,22941,0,s__JALFVM01 sp022787145,genomes/s__JALFVM01 sp022787145.pangenome.fa.gz
