# SOURMASH-MANIFEST-VERSION: 1.0
internal_location,md5,md5short,ksize,moltype,num,scaled,n_hashes,with_abundance,name,filename
signatures/e0c907eabafebb58c5180ead4311cf76.sig.gz,e0c907eabafebb58c5180ead4311cf76,e0c907ea,21,DNA,0,1000,17395,0,s__Bariatricus sp004560705,outputs.mapping/cds/s__Bariatricus sp004560705.cds.fa.gz
signatures/89ac16e2df685b5b8a3fc59cd3f97821.sig.gz,89ac16e2df685b5b8a3fc59cd3f97821,89ac16e2,31,DNA,0,1000,17884,0,s__Bariatricus sp004560705,outputs.mapping/cds/s__Bariatricus sp004560705.cds.fa.gz
signatures/3000f32703f677a0de9b62259607c244.sig.gz,3000f32703f677a0de9b62259607c244,3000f327,51,DNA,0,1000,18459,0,s__Bariatricus sp004560705,outputs.mapping/cds/s__Bariatricus sp004560705.cds.fa.gz
