# SOURMASH-MANIFEST-VERSION: 1.0
internal_location,md5,md5short,ksize,moltype,num,scaled,n_hashes,with_abundance,name,filename
signatures/dd29b357049cbe2a20013b447aa2671a.sig.gz,dd29b357049cbe2a20013b447aa2671a,dd29b357,21,DNA,0,1000,29735,0,s__Gemmiger qucibialis,outputs.mapping/cds/s__Gemmiger qucibialis.cds.fa.gz
signatures/55a960d479671c4c4d8bbc57349db77a.sig.gz,55a960d479671c4c4d8bbc57349db77a,55a960d4,31,DNA,0,1000,34781,0,s__Gemmiger qucibialis,outputs.mapping/cds/s__Gemmiger qucibialis.cds.fa.gz
signatures/1c8f032f607d98fa391bf97f480bbe0d.sig.gz,1c8f032f607d98fa391bf97f480bbe0d,1c8f032f,51,DNA,0,1000,44895,0,s__Gemmiger qucibialis,outputs.mapping/cds/s__Gemmiger qucibialis.cds.fa.gz
