# SOURMASH-MANIFEST-VERSION: 1.0
internal_location,md5,md5short,ksize,moltype,num,scaled,n_hashes,with_abundance,name,filename
signatures/c790c13a8080e88f18e71db6c956eaaf.sig.gz,c790c13a8080e88f18e71db6c956eaaf,c790c13a,21,DNA,0,1000,16059,0,s__Cryptobacteroides sp900546925,outputs.mapping/cds/s__Cryptobacteroides sp900546925.cds.fa.gz
signatures/69821321d16a1cca8b7c4d71f002d99a.sig.gz,69821321d16a1cca8b7c4d71f002d99a,69821321,31,DNA,0,1000,18057,0,s__Cryptobacteroides sp900546925,outputs.mapping/cds/s__Cryptobacteroides sp900546925.cds.fa.gz
signatures/ab054efebac9c8ebd0ac7cf86c6166be.sig.gz,ab054efebac9c8ebd0ac7cf86c6166be,ab054efe,51,DNA,0,1000,21519,0,s__Cryptobacteroides sp900546925,outputs.mapping/cds/s__Cryptobacteroides sp900546925.cds.fa.gz
