# SOURMASH-MANIFEST-VERSION: 1.0
internal_location,md5,md5short,ksize,moltype,num,scaled,n_hashes,with_abundance,name,filename
signatures/9a175f21f2c6cc80be5d1814d9c740b5.sig.gz,9a175f21f2c6cc80be5d1814d9c740b5,9a175f21,21,DNA,0,1000,10967,0,s__JAFBIX01 sp021531895,outputs.mapping/cds/s__JAFBIX01 sp021531895.cds.fa.gz
signatures/1a1bbeb277e53a06ce26fb0f040ba164.sig.gz,1a1bbeb277e53a06ce26fb0f040ba164,1a1bbeb2,31,DNA,0,1000,11325,0,s__JAFBIX01 sp021531895,outputs.mapping/cds/s__JAFBIX01 sp021531895.cds.fa.gz
signatures/38ac7f89a53ef6a5e9be6ed9f0105d54.sig.gz,38ac7f89a53ef6a5e9be6ed9f0105d54,38ac7f89,51,DNA,0,1000,11903,0,s__JAFBIX01 sp021531895,outputs.mapping/cds/s__JAFBIX01 sp021531895.cds.fa.gz
