# SOURMASH-MANIFEST-VERSION: 1.0
internal_location,md5,md5short,ksize,moltype,num,scaled,n_hashes,with_abundance,name,filename
signatures/213626ef941a6c181afc8732ce46e959.sig.gz,213626ef941a6c181afc8732ce46e959,213626ef,21,DNA,0,1000,15351,0,s__Mogibacterium_A kristiansenii,genomes/s__Mogibacterium_A kristiansenii.pangenome.fa.gz
signatures/9408cf78d6d92748e32cdd4f004c8659.sig.gz,9408cf78d6d92748e32cdd4f004c8659,9408cf78,31,DNA,0,1000,18310,0,s__Mogibacterium_A kristiansenii,genomes/s__Mogibacterium_A kristiansenii.pangenome.fa.gz
signatures/6bf638dd5f35c73f75eeee54e9f5a225.sig.gz,6bf638dd5f35c73f75eeee54e9f5a225,6bf638dd,51,DNA,0,1000,23214,0,s__Mogibacterium_A kristiansenii,genomes/s__Mogibacterium_A kristiansenii.pangenome.fa.gz
