# SOURMASH-MANIFEST-VERSION: 1.0
internal_location,md5,md5short,ksize,moltype,num,scaled,n_hashes,with_abundance,name,filename
signatures/a7dafa5fcb7176f99441d201d870f84e.sig.gz,a7dafa5fcb7176f99441d201d870f84e,a7dafa5f,21,DNA,0,1000,13169,0,s__JAFBIX01 sp021531895,genomes/s__JAFBIX01 sp021531895.pangenome.fa.gz
signatures/8c18e60a3437a3eb273005eb3dad9704.sig.gz,8c18e60a3437a3eb273005eb3dad9704,8c18e60a,31,DNA,0,1000,13809,0,s__JAFBIX01 sp021531895,genomes/s__JAFBIX01 sp021531895.pangenome.fa.gz
signatures/cd782f2614896f200d1be9c2b8e5a7ae.sig.gz,cd782f2614896f200d1be9c2b8e5a7ae,cd782f26,51,DNA,0,1000,14762,0,s__JAFBIX01 sp021531895,genomes/s__JAFBIX01 sp021531895.pangenome.fa.gz
