# SOURMASH-MANIFEST-VERSION: 1.0
internal_location,md5,md5short,ksize,moltype,num,scaled,n_hashes,with_abundance,name,filename
signatures/b831d608db56b1743f5913a2f97e55e7.sig.gz,b831d608db56b1743f5913a2f97e55e7,b831d608,21,DNA,0,1000,17708,0,s__UBA2868 sp004552595,outputs.mapping/cds/s__UBA2868 sp004552595.cds.fa.gz
signatures/3ed6ba84383c6042bb31e540b7b64301.sig.gz,3ed6ba84383c6042bb31e540b7b64301,3ed6ba84,31,DNA,0,1000,19149,0,s__UBA2868 sp004552595,outputs.mapping/cds/s__UBA2868 sp004552595.cds.fa.gz
signatures/33e9e05e62303d588d440ff7fe2ca826.sig.gz,33e9e05e62303d588d440ff7fe2ca826,33e9e05e,51,DNA,0,1000,21587,0,s__UBA2868 sp004552595,outputs.mapping/cds/s__UBA2868 sp004552595.cds.fa.gz
