# SOURMASH-MANIFEST-VERSION: 1.0
internal_location,md5,md5short,ksize,moltype,num,scaled,n_hashes,with_abundance,name,filename
signatures/b89d11d33beb0f8d12cb0ad4cc595257.sig.gz,b89d11d33beb0f8d12cb0ad4cc595257,b89d11d3,21,DNA,0,1000,26502,0,s__Oscillibacter segnis,genomes/s__Oscillibacter segnis.pangenome.fa.gz
signatures/976019770088ad6061337cec67ce83b8.sig.gz,976019770088ad6061337cec67ce83b8,97601977,31,DNA,0,1000,30031,0,s__Oscillibacter segnis,genomes/s__Oscillibacter segnis.pangenome.fa.gz
signatures/11e4a0f2c550bb67d9c389d33d3030ee.sig.gz,11e4a0f2c550bb67d9c389d33d3030ee,11e4a0f2,51,DNA,0,1000,36849,0,s__Oscillibacter segnis,genomes/s__Oscillibacter segnis.pangenome.fa.gz
